/*Creating a table theater*/

CREATE TABLE `theater` (
  `MovTheID` int AUTO_INCREMENT NOT NULL,
  `ScreenType` varchar(10) NOT NULL,
  `Capacity` int NOT NULL,
  PRIMARY key (`MovTheID`)
);

/*Inserting the data into table theater*/

INSERT INTO `theater` (`MovTheID`, `ScreenType`, `Capacity`) VALUES
(1, '2D', 200),
(2, '3D', 200),
(3, '4D', 200),
(4, 'VIP', 100);

SELECT * FROM theater;

/*Creating a table movies*/

CREATE TABLE `movies` (
  `MovieID` int AUTO_INCREMENT NOT NULL,
  `Title` varchar(100) NOT NULL,
  `Category` varchar(50),
  `Rating` text,
  `Rank` text,
  `Award-winning` boolean, 
  PRIMARY KEY (`MovieID`)
);

/*Inserting the data into table movies*/

INSERT INTO `movies` (`MovieID`, `Title`, `Category`, `Rating`, `Rank`, `Award-winning`) VALUES
(1, 'The Super Mario Bros. Movie', 'Comedy', 'PG', '96', FALSE),
(2, 'John Wick: Chapter 4', 'Action', 'R', '93', FALSE),
(3, 'Guardians of the Galaxy Vol. 3', 'Adventure', 'PG-13', '93', FALSE),
(4, 'Dungeons & Dragons: Honor Among Thieves', 'Adventure', 'PG-13', '93', FALSE),
(5, 'Evil Dead Rise', 'Horror', 'R', '77', FALSE),
(6, 'Cocaine Bear', 'Mystery', 'R', '71', TRUE),
(7, 'Ant-Man and the Wasp: Quantumania', 'Adventure', 'PG-13', '83', FALSE),
(8, 'Creed III', 'Drama', 'PG-13', '96', TRUE);

SELECT * from movies;

/*Creating table of movies than are show*/

CREATE TABLE `movieshow` (
  `ShowID` int AUTO_INCREMENT NOT NULL,
  `MovieID` int NOT NULL,
  `MovTheID` int NOT NULL,
  `Date` date NOT NULL,
  `Day` text NOT NULL,
  `Month` text NOT NULL,
  `Week` text NOT NULL,
  `Time` time NOT NULL,
  PRIMARY KEY (`ShowID`),
  FOREIGN KEY (`MovieID`) REFERENCES `movies`(`MovieID`),
  FOREIGN KEY (`MovTheID`) REFERENCES `theater`(`MovTheID`)
); 

/*Inserting data into the table movieshow*/

INSERT INTO `movieshow` (`ShowID`, `MovieID`, `MovTheID`, `Date`, `Day`,`Month`, `Week`,`Time`) VALUES
(1,1,1,'2023-03-01','saturday','march','Week1','19:00:00'),
(2,2,2,'2023-03-01','saturday','march','Week1','19:00:00'),
(3,3,3,'2023-03-01','saturday','march','Week1','19:00:00'),
(4,4,4,'2023-03-01','saturday','march','Week1','19:00:00'),
(5,5,1,'2023-03-01','saturday','march','Week1','21:00:00'),
(6,6,2,'2023-03-01','saturday','march','Week1','21:00:00'),
(7,7,3,'2023-03-01','saturday','march','Week1','21:00:00'),
(8,8,4,'2023-03-01','saturday','march','Week1','21:00:00'),
(9,1,1,'2023-03-02','sunday','march','Week1','19:00:00'),
(10,2,2,'2023-03-02','sunday','march','Week1','19:00:00'),
(11,3,3,'2023-03-02','sunday','march','Week1','19:00:00'),
(12,4,4,'2023-03-02','sunday','march','Week1','19:00:00'),
(13,5,1,'2023-03-02','sunday','march','Week1','21:00:00'),
(14,6,2,'2023-03-02','sunday','march','Week1','21:00:00'),
(15,7,3,'2023-03-02','sunday','march','Week1','21:00:00'),
(16,8,4,'2023-03-02','sunday','march','Week1','21:00:00'),
(17,1,1,'2023-03-03','monday','march','Week1','19:00:00'),
(18,2,2,'2023-03-03','monday','march','Week1','19:00:00'),
(19,3,3,'2023-03-03','monday','march','Week1','19:00:00'),
(20,4,4,'2023-03-03','monday','march','Week1','19:00:00'),
(21,5,1,'2023-03-03','monday','march','Week1','21:00:00'),
(22,6,2,'2023-03-03','monday','march','Week1','21:00:00'),
(23,7,3,'2023-03-03','monday','march','Week1','21:00:00'),
(24,8,4,'2023-03-03','monday','march','Week1','21:00:00'),
(25,1,1,'2023-03-04','tuesday','march','Week1','19:00:00'),
(26,2,2,'2023-03-04','tuesday','march','Week1','19:00:00'),
(27,3,3,'2023-03-04','tuesday','march','Week1','19:00:00'),
(28,4,4,'2023-03-04','tuesday','march','Week1','19:00:00'),
(29,5,1,'2023-03-04','tuesday','march','Week1','21:00:00'),
(30,6,2,'2023-03-04','tuesday','march','Week1','21:00:00'),
(31,7,3,'2023-03-04','tuesday','march','Week1','21:00:00'),
(32,8,4,'2023-03-04','tuesday','march','Week1','21:00:00'),
(33,1,1,'2023-03-05','wednesday','march','Week1','19:00:00'),
(34,2,2,'2023-03-05','wednesday','march','Week1','19:00:00'),
(35,3,3,'2023-03-05','wednesday','march','Week1','19:00:00'),
(36,4,4,'2023-03-05','wednesday','march','Week1','19:00:00'),
(37,5,1,'2023-03-05','wednesday','march','Week1','21:00:00'),
(38,6,2,'2023-03-05','wednesday','march','Week1','21:00:00'),
(39,7,3,'2023-03-05','wednesday','march','Week1','21:00:00'),
(40,8,4,'2023-03-05','wednesday','march','Week1','21:00:00'),
(41,1,1,'2023-03-06','thursday','march','Week1','19:00:00'),
(42,2,2,'2023-03-06','thursday','march','Week1','19:00:00'),
(43,3,3,'2023-03-06','thursday','march','Week1','19:00:00'),
(44,4,4,'2023-03-06','thursday','march','Week1','19:00:00'),
(45,5,1,'2023-03-06','thursday','march','Week1','21:00:00'),
(46,6,2,'2023-03-06','thursday','march','Week1','21:00:00'),
(47,7,3,'2023-03-06','thursday','march','Week1','21:00:00'),
(48,8,4,'2023-03-06','thursday','march','Week1','21:00:00'),
(49,1,1,'2023-03-07','friday','march','Week1','19:00:00'),
(50,2,2,'2023-03-07','friday','march','Week1','19:00:00'),
(51,3,3,'2023-03-07','friday','march','Week1','19:00:00'),
(52,4,4,'2023-03-07','friday','march','Week1','19:00:00'),
(53,5,1,'2023-03-07','friday','march','Week1','21:00:00'),
(54,6,2,'2023-03-07','friday','march','Week1','21:00:00'),
(55,7,3,'2023-03-07','friday','march','Week1','21:00:00'),
(56,8,4,'2023-03-07','friday','march','Week1','21:00:00'),
(57,3,1,'2023-03-08','saturday','march','Week2','19:00:00'),
(58,4,2,'2023-03-08','saturday','march','Week2','19:00:00'),
(59,5,3,'2023-03-08','saturday','march','Week2','19:00:00'),
(60,6,4,'2023-03-08','saturday','march','Week2','19:00:00'),
(61,7,1,'2023-03-08','saturday','march','Week2','21:00:00'),
(62,8,2,'2023-03-08','saturday','march','Week2','21:00:00'),
(63,1,3,'2023-03-08','saturday','march','Week2','21:00:00'),
(64,2,4,'2023-03-08','saturday','march','Week2','21:00:00'),
(65,3,1,'2023-03-08','sunday','march','Week2','19:00:00'),
(66,4,2,'2023-03-08','sunday','march','Week2','19:00:00'),
(67,5,3,'2023-03-08','sunday','march','Week2','19:00:00'),
(68,6,4,'2023-03-08','sunday','march','Week2','19:00:00'),
(69,7,1,'2023-03-08','sunday','march','Week2','21:00:00'),
(70,8,2,'2023-03-08','sunday','march','Week2','21:00:00'),
(71,1,3,'2023-03-08','sunday','march','Week2','21:00:00'),
(72,2,4,'2023-03-08','sunday','march','Week2','21:00:00'),
(73,3,1,'2023-03-10','monday','march','Week2','19:00:00'),
(74,4,2,'2023-03-10','monday','march','Week2','19:00:00'),
(75,5,3,'2023-03-10','monday','march','Week2','19:00:00'),
(76,6,4,'2023-03-10','monday','march','Week2','19:00:00'),
(77,7,1,'2023-03-10','monday','march','Week2','21:00:00'),
(78,8,2,'2023-03-10','monday','march','Week2','21:00:00'),
(79,1,3,'2023-03-10','monday','march','Week2','21:00:00'),
(80,2,4,'2023-03-10','monday','march','Week2','21:00:00'),
(81,3,1,'2023-03-11','tuesday','march','Week2','19:00:00'),
(82,4,2,'2023-03-11','tuesday','march','Week2','19:00:00'),
(83,5,3,'2023-03-11','tuesday','march','Week2','19:00:00'),
(84,6,4,'2023-03-11','tuesday','march','Week2','19:00:00'),
(85,7,1,'2023-03-11','tuesday','march','Week2','21:00:00'),
(86,8,2,'2023-03-11','tuesday','march','Week2','21:00:00'),
(87,1,3,'2023-03-11','tuesday','march','Week2','21:00:00'),
(88,2,4,'2023-03-11','tuesday','march','Week2','21:00:00'),
(89,3,1,'2023-03-12','wednesday','march','Week2','19:00:00'),
(90,4,2,'2023-03-12','wednesday','march','Week2','19:00:00'),
(91,5,3,'2023-03-12','wednesday','march','Week2','19:00:00'),
(92,6,4,'2023-03-12','wednesday','march','Week2','19:00:00'),
(93,7,1,'2023-03-12','wednesday','march','Week2','21:00:00'),
(94,8,2,'2023-03-12','wednesday','march','Week2','21:00:00'),
(95,1,3,'2023-03-12','wednesday','march','Week2','21:00:00'),
(96,2,4,'2023-03-12','wednesday','march','Week2','21:00:00'),
(97,3,1,'2023-03-13','thursday','march','Week2','19:00:00'),
(98,4,2,'2023-03-13','thursday','march','Week2','19:00:00'),
(99,5,3,'2023-03-13','thursday','march','Week2','19:00:00'),
(100,6,4,'2023-03-13','thursday','march','Week2','19:00:00'),
(101,7,1,'2023-03-13','thursday','march','Week2','21:00:00'),
(102,8,2,'2023-03-13','thursday','march','Week2','21:00:00'),
(103,1,3,'2023-03-13','thursday','march','Week2','21:00:00'),
(104,2,4,'2023-03-13','thursday','march','Week2','21:00:00'),
(105,3,1,'2023-03-14','friday','march','Week2','19:00:00'),
(106,4,2,'2023-03-14','friday','march','Week2','19:00:00'),
(107,5,3,'2023-03-14','friday','march','Week2','19:00:00'),
(108,6,4,'2023-03-14','friday','march','Week2','19:00:00'),
(109,7,1,'2023-03-14','friday','march','Week2','21:00:00'),
(110,8,2,'2023-03-14','friday','march','Week2','21:00:00'),
(111,1,3,'2023-03-14','friday','march','Week2','21:00:00'),
(112,2,4,'2023-03-14','friday','march','Week2','21:00:00'),
(113,5,1,'2023-03-15','saturday','march','Week3','19:00:00'),
(114,6,2,'2023-03-15','saturday','march','Week3','19:00:00'),
(115,7,3,'2023-03-15','saturday','march','Week3','19:00:00'),
(116,8,4,'2023-03-15','saturday','march','Week3','19:00:00'),
(117,1,1,'2023-03-15','saturday','march','Week3','21:00:00'),
(118,2,2,'2023-03-15','saturday','march','Week3','21:00:00'),
(119,3,3,'2023-03-15','saturday','march','Week3','21:00:00'),
(120,4,4,'2023-03-15','saturday','march','Week3','21:00:00'),
(121,5,1,'2023-03-16','sunday','march','Week3','19:00:00'),
(122,6,2,'2023-03-16','sunday','march','Week3','19:00:00'),
(123,7,3,'2023-03-16','sunday','march','Week3','19:00:00'),
(124,8,4,'2023-03-16','sunday','march','Week3','19:00:00'),
(125,1,1,'2023-03-16','sunday','march','Week3','21:00:00'),
(126,2,2,'2023-03-16','sunday','march','Week3','21:00:00'),
(127,3,3,'2023-03-16','sunday','march','Week3','21:00:00'),
(128,4,4,'2023-03-16','sunday','march','Week3','21:00:00'),
(129,5,1,'2023-03-17','monday','march','Week3','19:00:00'),
(130,6,2,'2023-03-17','monday','march','Week3','19:00:00'),
(131,7,3,'2023-03-17','monday','march','Week3','19:00:00'),
(132,8,4,'2023-03-17','monday','march','Week3','19:00:00'),
(133,1,1,'2023-03-17','monday','march','Week3','21:00:00'),
(134,2,2,'2023-03-17','monday','march','Week3','21:00:00'),
(135,3,3,'2023-03-17','monday','march','Week3','21:00:00'),
(136,4,4,'2023-03-17','monday','march','Week3','21:00:00'),
(137,5,1,'2023-03-18','tuesday','march','Week3','19:00:00'),
(138,6,2,'2023-03-18','tuesday','march','Week3','19:00:00'),
(139,7,3,'2023-03-18','tuesday','march','Week3','19:00:00'),
(140,8,4,'2023-03-18','tuesday','march','Week3','19:00:00'),
(141,1,1,'2023-03-18','tuesday','march','Week3','21:00:00'),
(142,2,2,'2023-03-18','tuesday','march','Week3','21:00:00'),
(143,3,3,'2023-03-18','tuesday','march','Week3','21:00:00'),
(144,4,4,'2023-03-18','tuesday','march','Week3','21:00:00'),
(145,5,1,'2023-03-19','wednesday','march','Week3','19:00:00'),
(146,6,2,'2023-03-19','wednesday','march','Week3','19:00:00'),
(147,7,3,'2023-03-19','wednesday','march','Week3','19:00:00'),
(148,8,4,'2023-03-19','wednesday','march','Week3','19:00:00'),
(149,1,1,'2023-03-19','wednesday','march','Week3','21:00:00'),
(150,2,2,'2023-03-19','wednesday','march','Week3','21:00:00'),
(151,3,3,'2023-03-19','wednesday','march','Week3','21:00:00'),
(152,4,4,'2023-03-19','wednesday','march','Week3','21:00:00'),
(153,5,1,'2023-03-20','thursday','march','Week3','19:00:00'),
(154,6,2,'2023-03-20','thursday','march','Week3','19:00:00'),
(155,7,3,'2023-03-20','thursday','march','Week3','19:00:00'),
(156,8,4,'2023-03-20','thursday','march','Week3','19:00:00'),
(157,1,1,'2023-03-20','thursday','march','Week3','21:00:00'),
(158,2,2,'2023-03-20','thursday','march','Week3','21:00:00'),
(159,3,3,'2023-03-20','thursday','march','Week3','21:00:00'),
(160,4,4,'2023-03-20','thursday','march','Week3','21:00:00'),
(161,5,1,'2023-03-21','friday','march','Week3','19:00:00'),
(162,6,2,'2023-03-21','friday','march','Week3','19:00:00'),
(163,7,3,'2023-03-21','friday','march','Week3','19:00:00'),
(164,8,4,'2023-03-21','friday','march','Week3','19:00:00'),
(165,1,1,'2023-03-21','friday','march','Week3','21:00:00'),
(166,2,2,'2023-03-21','friday','march','Week3','21:00:00'),
(167,3,3,'2023-03-21','friday','march','Week3','21:00:00'),
(168,4,4,'2023-03-21','friday','march','Week3','21:00:00'),
(169,7,1,'2023-03-22','saturday','march','Week4','19:00:00'),
(170,8,2,'2023-03-22','saturday','march','Week4','19:00:00'),
(171,1,3,'2023-03-22','saturday','march','Week4','19:00:00'),
(172,2,4,'2023-03-22','saturday','march','Week4','19:00:00'),
(173,3,1,'2023-03-22','saturday','march','Week4','21:00:00'),
(174,4,2,'2023-03-22','saturday','march','Week4','21:00:00'),
(175,5,3,'2023-03-22','saturday','march','Week4','21:00:00'),
(176,6,4,'2023-03-22','saturday','march','Week4','21:00:00'),
(177,7,1,'2023-03-23','sunday','march','Week4','19:00:00'),
(178,8,2,'2023-03-23','sunday','march','Week4','19:00:00'),
(179,1,3,'2023-03-23','sunday','march','Week4','19:00:00'),
(180,2,4,'2023-03-23','sunday','march','Week4','19:00:00'),
(181,3,1,'2023-03-23','sunday','march','Week4','21:00:00'),
(182,4,2,'2023-03-23','sunday','march','Week4','21:00:00'),
(183,5,3,'2023-03-23','sunday','march','Week4','21:00:00'),
(184,6,4,'2023-03-23','sunday','march','Week4','21:00:00'),
(185,7,1,'2023-03-24','monday','march','Week4','19:00:00'),
(186,8,2,'2023-03-24','monday','march','Week4','19:00:00'),
(187,1,3,'2023-03-24','monday','march','Week4','19:00:00'),
(188,2,4,'2023-03-24','monday','march','Week4','19:00:00'),
(189,3,1,'2023-03-24','monday','march','Week4','21:00:00'),
(190,4,2,'2023-03-24','monday','march','Week4','21:00:00'),
(191,5,3,'2023-03-24','monday','march','Week4','21:00:00'),
(192,6,4,'2023-03-24','monday','march','Week4','21:00:00'),
(193,7,1,'2023-03-25','tuesday','march','Week4','19:00:00'),
(194,8,2,'2023-03-25','tuesday','march','Week4','19:00:00'),
(195,1,3,'2023-03-25','tuesday','march','Week4','19:00:00'),
(196,2,4,'2023-03-25','tuesday','march','Week4','19:00:00'),
(197,3,1,'2023-03-25','tuesday','march','Week4','21:00:00'),
(198,4,2,'2023-03-25','tuesday','march','Week4','21:00:00'),
(199,5,3,'2023-03-25','tuesday','march','Week4','21:00:00'),
(200,6,4,'2023-03-25','tuesday','march','Week4','21:00:00'),
(201,7,1,'2023-03-26','wednesday','march','Week4','19:00:00'),
(202,8,2,'2023-03-26','wednesday','march','Week4','19:00:00'),
(203,1,3,'2023-03-26','wednesday','march','Week4','19:00:00'),
(204,2,4,'2023-03-26','wednesday','march','Week4','19:00:00'),
(205,3,1,'2023-03-26','wednesday','march','Week4','21:00:00'),
(206,4,2,'2023-03-26','wednesday','march','Week4','21:00:00'),
(207,5,3,'2023-03-26','wednesday','march','Week4','21:00:00'),
(208,6,4,'2023-03-26','wednesday','march','Week4','21:00:00'),
(209,7,1,'2023-03-27','thursday','march','Week4','19:00:00'),
(210,8,2,'2023-03-27','thursday','march','Week4','19:00:00'),
(211,1,3,'2023-03-27','thursday','march','Week4','19:00:00'),
(212,2,4,'2023-03-27','thursday','march','Week4','19:00:00'),
(213,3,1,'2023-03-27','thursday','march','Week4','21:00:00'),
(214,4,2,'2023-03-27','thursday','march','Week4','21:00:00'),
(215,5,3,'2023-03-27','thursday','march','Week4','21:00:00'),
(216,6,4,'2023-03-27','thursday','march','Week4','21:00:00'),
(217,7,1,'2023-03-28','friday','march','Week4','19:00:00'),
(218,8,2,'2023-03-28','friday','march','Week4','19:00:00'),
(219,1,3,'2023-03-28','friday','march','Week4','19:00:00'),
(220,2,4,'2023-03-28','friday','march','Week4','19:00:00'),
(221,3,1,'2023-03-28','friday','march','Week4','21:00:00'),
(222,4,2,'2023-03-28','friday','march','Week4','21:00:00'),
(223,5,3,'2023-03-28','friday','march','Week4','21:00:00'),
(224,6,4,'2023-03-28','friday','march','Week4','21:00:00'), 
(225,1,1,'2023-04-01','monday','april','Week1','19:00:00'),
(226,2,2,'2023-04-01','monday','april','Week1','19:00:00'),
(227,3,3,'2023-04-01','monday','april','Week1','19:00:00'),
(228,4,4,'2023-04-01','monday','april','Week1','19:00:00'),
(229,5,1,'2023-04-01','monday','april','Week1','21:00:00'),
(230,6,2,'2023-04-01','monday','april','Week1','21:00:00'),
(231,7,3,'2023-04-01','monday','april','Week1','21:00:00'),
(232,8,4,'2023-04-01','monday','april','Week1','21:00:00'), 
(233,1,1,'2023-04-02','tuesday','april','Week1','19:00:00'),
(234,2,2,'2023-04-02','tuesday','april','Week1','19:00:00'),
(235,3,3,'2023-04-02','tuesday','april','Week1','19:00:00'),
(236,4,4,'2023-04-02','tuesday','april','Week1','19:00:00'),
(237,5,1,'2023-04-02','tuesday','april','Week1','21:00:00'),
(238,6,2,'2023-04-02','tuesday','april','Week1','21:00:00'),
(239,7,3,'2023-04-02','tuesday','april','Week1','21:00:00'),
(240,8,4,'2023-04-02','tuesday','april','Week1','21:00:00'),
(241,1,1,'2023-04-03','wednesday','april','Week1','19:00:00'),
(242,2,2,'2023-04-03','wednesday','april','Week1','19:00:00'),
(243,3,3,'2023-04-03','wednesday','april','Week1','19:00:00'),
(244,4,4,'2023-04-03','wednesday','april','Week1','19:00:00'),
(245,5,1,'2023-04-03','wednesday','april','Week1','21:00:00'),
(246,6,2,'2023-04-03','wednesday','april','Week1','21:00:00'),
(247,7,3,'2023-04-03','wednesday','april','Week1','21:00:00'),
(248,8,4,'2023-04-03','wednesday','april','Week1','21:00:00'),
(249,1,1,'2023-04-04','thursday','april','Week1','19:00:00'),
(250,2,2,'2023-04-04','thursday','april','Week1','19:00:00'),
(251,3,3,'2023-04-04','thursday','april','Week1','19:00:00'),
(252,4,4,'2023-04-04','thursday','april','Week1','19:00:00'),
(253,5,1,'2023-04-04','thursday','april','Week1','21:00:00'),
(254,6,2,'2023-04-04','thursday','april','Week1','21:00:00'),
(255,7,3,'2023-04-04','thursday','april','Week1','21:00:00'),
(256,8,4,'2023-04-04','thursday','april','Week1','21:00:00'),
(257,1,1,'2023-04-05','friday','april','Week1','19:00:00'), 
(258,2,2,'2023-04-05','friday','april','Week1','19:00:00'),
(259,3,3,'2023-04-05','friday','april','Week1','19:00:00'),
(260,4,4,'2023-04-05','friday','april','Week1','19:00:00'),
(261,5,1,'2023-04-05','friday','april','Week1','21:00:00'),
(262,6,2,'2023-04-05','friday','april','Week1','21:00:00'),
(263,7,3,'2023-04-05','friday','april','Week1','21:00:00'),
(264,8,4,'2023-04-05','friday','april','Week1','21:00:00'),
(265,1,1,'2023-04-06','saturday','april','Week1','19:00:00'),
(266,2,2,'2023-04-06','saturday','april','Week1','19:00:00'),
(267,3,3,'2023-04-06','saturday','april','Week1','19:00:00'),
(268,4,4,'2023-04-06','saturday','april','Week1','19:00:00'),
(269,5,1,'2023-04-06','saturday','april','Week1','21:00:00'),
(270,6,2,'2023-04-06','saturday','april','Week1','21:00:00'),
(271,7,3,'2023-04-06','saturday','april','Week1','21:00:00'),
(272,8,4,'2023-04-06','saturday','april','Week1','21:00:00'),
(273,1,1,'2023-04-07','sunday','april','Week1','19:00:00'),
(274,2,2,'2023-04-07','sunday','april','Week1','19:00:00'),
(275,3,3,'2023-04-07','sunday','april','Week1','19:00:00'),
(276,4,4,'2023-04-07','sunday','april','Week1','19:00:00'),
(277,5,1,'2023-04-07','sunday','april','Week1','21:00:00'),
(278,6,2,'2023-04-07','sunday','april','Week1','21:00:00'),
(279,7,3,'2023-04-07','sunday','april','Week1','21:00:00'),
(280,8,4,'2023-04-07','sunday','april','Week1','21:00:00'),
(281,3,1,'2023-04-08','monday','april','Week2','19:00:00'),
(282,4,2,'2023-04-08','monday','april','Week2','19:00:00'),
(283,5,3,'2023-04-08','monday','april','Week2','19:00:00'),
(284,6,4,'2023-04-08','monday','april','Week2','19:00:00'),
(285,7,1,'2023-04-08','monday','april','Week2','21:00:00'),
(286,8,2,'2023-04-08','monday','april','Week2','21:00:00'),
(287,1,3,'2023-04-08','monday','april','Week2','21:00:00'),
(288,2,4,'2023-04-08','monday','april','Week2','21:00:00'),
(289,3,1,'2023-04-09','tuesday','april','Week2','19:00:00'),
(290,4,2,'2023-04-09','tuesday','april','Week2','19:00:00'),
(291,5,3,'2023-04-09','tuesday','april','Week2','19:00:00'),
(292,6,4,'2023-04-09','tuesday','april','Week2','19:00:00'),
(293,7,1,'2023-04-09','tuesday','april','Week2','21:00:00'),
(294,8,2,'2023-04-09','tuesday','april','Week2','21:00:00'),
(295,1,3,'2023-04-09','tuesday','april','Week2','21:00:00'),
(296,2,4,'2023-04-09','tuesday','april','Week2','21:00:00'),
(297,3,1,'2023-04-10','wednesday','april','Week2','19:00:00'),
(298,4,2,'2023-04-10','wednesday','april','Week2','19:00:00'),
(299,5,3,'2023-04-10','wednesday','april','Week2','19:00:00'),
(300,6,4,'2023-04-10','wednesday','april','Week2','19:00:00'),
(301,7,1,'2023-04-10','wednesday','april','Week2','21:00:00'),
(302,8,2,'2023-04-10','wednesday','april','Week2','21:00:00'),
(303,1,3,'2023-04-10','wednesday','april','Week2','21:00:00'),
(304,2,4,'2023-04-10','wednesday','april','Week2','21:00:00'),
(305,3,1,'2023-04-11','thursday','april','Week2','19:00:00'),
(306,4,2,'2023-04-11','thursday','april','Week2','19:00:00'),
(307,5,3,'2023-04-11','thursday','april','Week2','19:00:00'),
(308,6,4,'2023-04-11','thursday','april','Week2','19:00:00'),
(309,7,1,'2023-04-11','thursday','april','Week2','21:00:00'),
(310,8,2,'2023-04-11','thursday','april','Week2','21:00:00'),
(311,1,3,'2023-04-11','thursday','april','Week2','21:00:00'),
(312,2,4,'2023-04-11','thursday','april','Week2','21:00:00'),
(313,3,1,'2023-04-12','friday','april','Week2','19:00:00'),
(314,4,2,'2023-04-12','friday','april','Week2','19:00:00'),
(315,5,3,'2023-04-12','friday','april','Week2','19:00:00'),
(316,6,4,'2023-04-12','friday','april','Week2','19:00:00'),
(317,7,1,'2023-04-12','friday','april','Week2','21:00:00'),
(318,8,2,'2023-04-12','friday','april','Week2','21:00:00'),
(319,1,3,'2023-04-12','friday','april','Week2','21:00:00'),
(320,2,4,'2023-04-12','friday','april','Week2','21:00:00'),
(321,3,1,'2023-04-13','saturday','april','Week2','19:00:00'),
(322,4,2,'2023-04-13','saturday','april','Week2','19:00:00'),
(323,5,3,'2023-04-13','saturday','april','Week2','19:00:00'),
(324,6,4,'2023-04-13','saturday','april','Week2','19:00:00'),
(325,7,1,'2023-04-13','saturday','april','Week2','21:00:00'),
(326,8,2,'2023-04-13','saturday','april','Week2','21:00:00'),
(327,1,3,'2023-04-13','saturday','april','Week2','21:00:00'),
(328,2,4,'2023-04-13','saturday','april','Week2','21:00:00'),
(329,3,1,'2023-04-14','sunday','april','Week2','19:00:00'),
(330,4,2,'2023-04-14','sunday','april','Week2','19:00:00'),
(331,5,3,'2023-04-14','sunday','april','Week2','19:00:00'),
(332,6,4,'2023-04-14','sunday','april','Week2','19:00:00'),
(333,7,1,'2023-04-14','sunday','april','Week2','21:00:00'),
(334,8,2,'2023-04-14','sunday','april','Week2','21:00:00'),
(335,1,3,'2023-04-14','sunday','april','Week2','21:00:00'),
(336,2,4,'2023-04-14','sunday','april','Week2','21:00:00'),
(337,5,1,'2023-04-15','monday','april','Week3','19:00:00'),
(338,6,2,'2023-04-15','monday','april','Week3','19:00:00'),
(339,7,3,'2023-04-15','monday','april','Week3','19:00:00'),
(340,8,4,'2023-04-15','monday','april','Week3','19:00:00'),
(341,1,1,'2023-04-15','monday','april','Week3','21:00:00'),
(342,2,2,'2023-04-15','monday','april','Week3','21:00:00'),
(343,3,3,'2023-04-15','monday','april','Week3','21:00:00'),
(344,4,4,'2023-04-15','monday','april','Week3','21:00:00'),
(345,5,1,'2023-04-16','tuesday','april','Week3','19:00:00'),
(346,6,2,'2023-04-16','tuesday','april','Week3','19:00:00'),
(347,7,3,'2023-04-16','tuesday','april','Week3','19:00:00'),
(348,8,4,'2023-04-16','tuesday','april','Week3','19:00:00'),
(349,1,1,'2023-04-16','tuesday','april','Week3','21:00:00'),
(350,2,2,'2023-04-16','tuesday','april','Week3','21:00:00'),
(351,3,3,'2023-04-16','tuesday','april','Week3','21:00:00'),
(352,4,4,'2023-04-16','tuesday','april','Week3','21:00:00'),
(353,5,1,'2023-04-17','wednesday','april','Week3','19:00:00'),
(354,6,2,'2023-04-17','wednesday','april','Week3','19:00:00'),
(355,7,3,'2023-04-17','wednesday','april','Week3','19:00:00'),
(356,8,4,'2023-04-17','wednesday','april','Week3','19:00:00'),
(357,1,1,'2023-04-17','wednesday','april','Week3','21:00:00'),
(358,2,2,'2023-04-17','wednesday','april','Week3','21:00:00'),
(359,3,3,'2023-04-17','wednesday','april','Week3','21:00:00'),
(360,4,4,'2023-04-17','wednesday','april','Week3','21:00:00'),
(361,5,1,'2023-04-18','thursday','april','Week3','19:00:00'),
(362,6,2,'2023-04-18','thursday','april','Week3','19:00:00'),
(363,7,3,'2023-04-18','thursday','april','Week3','19:00:00'),
(364,8,4,'2023-04-18','thursday','april','Week3','19:00:00'),
(365,1,1,'2023-04-18','thursday','april','Week3','21:00:00'),
(366,2,2,'2023-04-18','thursday','april','Week3','21:00:00'),
(367,3,3,'2023-04-18','thursday','april','Week3','21:00:00'),
(368,4,4,'2023-04-18','thursday','april','Week3','21:00:00'),
(369,5,1,'2023-04-19','friday','april','Week3','19:00:00'),
(370,6,2,'2023-04-19','friday','april','Week3','19:00:00'),
(371,7,3,'2023-04-19','friday','april','Week3','19:00:00'),
(372,8,4,'2023-04-19','friday','april','Week3','19:00:00'),
(373,1,1,'2023-04-19','friday','april','Week3','21:00:00'),
(374,2,2,'2023-04-19','friday','april','Week3','21:00:00'),
(375,3,3,'2023-04-19','friday','april','Week3','21:00:00'),
(376,4,4,'2023-04-19','friday','april','Week3','21:00:00'),
(377,5,1,'2023-04-20','saturday','april','Week3','19:00:00'),
(378,6,2,'2023-04-20','saturday','april','Week3','19:00:00'),
(379,7,3,'2023-04-20','saturday','april','Week3','19:00:00'),
(380,8,4,'2023-04-20','saturday','april','Week3','19:00:00'),
(381,1,1,'2023-04-20','saturday','april','Week3','21:00:00'),
(382,2,2,'2023-04-20','saturday','april','Week3','21:00:00'),
(383,3,3,'2023-04-20','saturday','april','Week3','21:00:00'),
(384,4,4,'2023-04-20','saturday','april','Week3','21:00:00'),
(385,5,1,'2023-04-21','sunday','april','Week3','19:00:00'),
(386,6,2,'2023-04-21','sunday','april','Week3','19:00:00'),
(387,7,3,'2023-04-21','sunday','april','Week3','19:00:00'),
(388,8,4,'2023-04-21','sunday','april','Week3','19:00:00'),
(389,1,1,'2023-04-21','sunday','april','Week3','21:00:00'),
(390,2,2,'2023-04-21','sunday','april','Week3','21:00:00'),
(391,3,3,'2023-04-21','sunday','april','Week3','21:00:00'),
(392,4,4,'2023-04-21','sunday','april','Week3','21:00:00'),
(393,7,1,'2023-04-22','monday','april','Week4','19:00:00'),
(394,8,2,'2023-04-22','monday','april','Week4','19:00:00'),
(395,1,3,'2023-04-22','monday','april','Week4','19:00:00'),
(396,2,4,'2023-04-22','monday','april','Week4','19:00:00'),
(397,3,1,'2023-04-22','monday','april','Week4','21:00:00'),
(398,4,2,'2023-04-22','monday','april','Week4','21:00:00'),
(399,5,3,'2023-04-22','monday','april','Week4','21:00:00'),
(400,6,4,'2023-04-22','monday','april','Week4','21:00:00'),
(401,7,1,'2023-04-23','tuesday','april','Week4','19:00:00'),
(402,8,2,'2023-04-23','tuesday','april','Week4','19:00:00'),
(403,1,3,'2023-04-23','tuesday','april','Week4','19:00:00'),
(404,2,4,'2023-04-23','tuesday','april','Week4', '19:00:00'),
(405,3,1,'2023-04-23','tuesday','april','Week4','21:00:00'),
(406,4,2,'2023-04-23','tuesday','april','Week4','21:00:00'),
(407,5,3,'2023-04-23','tuesday','april','Week4','21:00:00'),
(408,6,4,'2023-04-23','tuesday','april','Week4','21:00:00'),
(409,7,1,'2023-04-24','wednesday','april','Week4','19:00:00'),
(410,8,2,'2023-04-24','wednesday','april','Week4','19:00:00'),
(411,1,3,'2023-04-24','wednesday','april','Week4','19:00:00'),
(412,2,4,'2023-04-24','wednesday','april','Week4','19:00:00'),
(413,3,1,'2023-04-24','wednesday','april','Week4','21:00:00'),
(414,4,2,'2023-04-24','wednesday','april','Week4','21:00:00'),
(415,5,3,'2023-04-24','wednesday','april','Week4','21:00:00'),
(416,6,4,'2023-04-24','wednesday','april','Week4','21:00:00'),
(417,7,1,'2023-04-25','thursday','april','Week4','19:00:00'),
(418,8,2,'2023-04-25','thursday','april','Week4','19:00:00'),
(419,1,3,'2023-04-25','thursday','april','Week4','19:00:00'),
(420,2,4,'2023-04-25','thursday','april','Week4','19:00:00'),
(421,3,1,'2023-04-25','thursday','april','Week4','21:00:00'),
(422,4,2,'2023-04-25','thursday','april','Week4','21:00:00'),
(423,5,3,'2023-04-25','thursday','april','Week4','21:00:00'),
(424,6,4,'2023-04-25','thursday','april','Week4','21:00:00'),
(425,7,1,'2023-04-26','friday','april','Week4','19:00:00'),
(426,8,2,'2023-04-26','friday','april','Week4','19:00:00'),
(427,1,3,'2023-04-26','friday','april','Week4','19:00:00'),
(428,2,4,'2023-04-26','friday','april','Week4','19:00:00'),
(429,3,1,'2023-04-26','friday','april','Week4','21:00:00'),
(430,4,2,'2023-04-26','friday','april','Week4','21:00:00'),
(431,5,3,'2023-04-26','friday','april','Week4','21:00:00'),
(432,6,4,'2023-04-26','friday','april','Week4','21:00:00'),
(433,7,1,'2023-04-27','saturday','april','Week4','19:00:00'),
(434,8,2,'2023-04-27','saturday','april','Week4','19:00:00'),
(435,1,3,'2023-04-27','saturday','april','Week4','19:00:00'),
(436,2,4,'2023-04-27','saturday','april','Week4','19:00:00'),
(437,3,1,'2023-04-27','saturday','april','Week4','21:00:00'),
(438,4,2,'2023-04-27','saturday','april','Week4','21:00:00'),
(439,5,3,'2023-04-27','saturday','april','Week4','21:00:00'),
(440,6,4,'2023-04-27','saturday','april','Week4','21:00:00'),
(441,7,1,'2023-04-28','sunday','april','Week4','19:00:00'),
(442,8,2,'2023-04-28','sunday','april','Week4','19:00:00'),
(443,1,3,'2023-04-28','sunday','april','Week4','19:00:00'),
(444,2,4,'2023-04-28','sunday','april','Week4','19:00:00'),
(445,3,1,'2023-04-28','sunday','april','Week4','21:00:00'),
(446,4,2,'2023-04-28','sunday','april','Week4','21:00:00'),
(447,5,3,'2023-04-28','sunday','april','Week4','21:00:00'),
(448,6,4,'2023-04-28','sunday','april','Week4','21:00:00');

SELECT * FROM movieshow;

/*Creating table of ticket*/
CREATE TABLE `ticket` (
  `TicketID` int AUTO_INCREMENT NOT NULL,
  `ShowID` int(11) NOT NULL,
  `SeatNumber` varchar(5) NOT NULL,
  `Price` decimal(10,2) NOT NULL,
  `PromoID` int NOT NULL,
  `PaymentMethod` varchar(20)  NOT NULL,
  PRIMARY KEY (`TicketID`),
  FOREIGN KEY (`ShowID`) REFERENCES `movieshow`(`ShowID`),
  FOREIGN KEY (`PromoID`) REFERENCES `promotions`(`PromoID`)
);

/*Inserting data into the table ticket*/
INSERT INTO `ticket` (`TicketID`, `ShowID`, `seatNumber`, `Price`, `PromoID`, `PaymentMethod`) VALUES
(1, 25, 'D5', 10.00, 1, 'Cash'),
(2, 36, 'I2', 25.00, 1, 'Cash'),
(3, 339, 'G15', 20.00, 2, 'Cash'),
(4, 176, 'E18', 25.00, 1, 'Creditcard'),
(5, 49, 'F12', 10.00, 1, 'Creditcard'),
(6, 179, 'C8', 20.00, 1, 'Pix'),
(7, 87, 'F14', 20.00, 1, 'Pix'),
(8, 170, 'B3', 15.00, 1, 'Pix'),
(9, 4, 'C10', 25.00, 1, 'Pix'),
(10, 288, 'G12', 25.00, 2, 'Cash'),
(11, 164, 'I10', 25.00, 1, 'Creditcard'),
(12, 362, 'J11', 15.00, 3, 'Creditcard'),
(13, 66, 'A2', 15.00, 1, 'Cash'),
(14, 65, 'E18', 10.00, 1, 'Creditcard'),
(15, 310, 'D19', 15.00, 3, 'Cash'),
(16, 150, 'J19', 15.00, 1, 'Cash'),
(17, 309, 'F14', 10.00, 3, 'Cash'),
(18, 399, 'F10', 20.00, 2, 'Creditcard'),
(19, 4, 'J7', 25.00, 1, 'Cash'),
(20, 126, 'F4', 15.00, 1, 'Cash'),
(21, 398, 'I1', 15.00, 2, 'Cash'),
(22, 72, 'B16', 25.00, 1, 'Creditcard'),
(23, 69, 'B14', 10.00, 1, 'Cash'),
(24, 145, 'B15', 10.00, 1, 'Cash'),
(25, 85, 'J8', 10.00, 1, 'Cash'),
(26, 194, 'C6', 15.00, 1, 'Cash'),
(27, 124, 'I2', 25.00, 1, 'Pix'),
(28, 223, 'B1', 20.00, 1, 'Pix'),
(29, 152, 'D5', 25.00, 1, 'Pix'),
(30, 172, 'A9', 25.00, 1, 'Cash'),
(31, 36, 'H18', 25.00, 1, 'Creditcard'),
(32, 26, 'C18', 15.00, 1, 'Cash'),
(33, 250, 'I12', 25.00, 3, 'Cash'),
(34, 228, 'F19', 10.00, 2, 'Pix'),
(35, 146, 'E17', 25.00, 1, 'Creditcard'),
(36, 109, 'E14', 10.00, 1, 'Pix'),
(37, 362, 'E7', 15.00, 3, 'Pix'),
(38, 56, 'F2', 25.00, 1, 'Pix'),
(39, 308, 'J7', 25.00, 3, 'Cash'),
(40, 107, 'D2', 20.00, 1, 'Cash'),
(41, 49, 'I14', 10.00, 1, 'Creditcard'),
(42, 284, 'G10', 25.00, 2, 'Cash'),
(43, 339, 'J5', 20.00, 2, 'Cash'),
(44, 227, 'I20', 20.00, 2, 'Creditcard'),
(45, 343, 'I20', 20.00, 2, 'Pix'),
(46, 177, 'A2', 10.00, 1, 'Creditcard'),
(47, 422, 'E12', 15.00, 3, 'Cash'),
(48, 66, 'J19', 15.00, 1, 'Pix'),
(49, 92, 'H17', 25.00, 1, 'Cash'),
(50, 202, 'H3', 15.00, 1, 'Cash'),
(51, 174, 'G1', 15.00, 1, 'Pix'),
(52, 173, 'A8', 10.00, 1, 'Pix'),
(53, 221, 'B5', 10.00, 1, 'Cash'),
(54, 74, 'E20', 15.00, 1, 'Creditcard'),
(55, 91, 'H12', 20.00, 1, 'Creditcard'),
(56, 254, 'E14', 15.00, 3, 'Pix'),
(57, 107, 'F15', 20.00, 1, 'Creditcard'),
(58, 65, 'B11', 10.00, 1, 'Creditcard'),
(59, 307, 'H6', 20.00, 3, 'Creditcard'),
(60, 250, 'G10', 15.00, 3, 'Creditcard'),
(61, 126, 'E16', 15.00, 1, 'Cash'),
(62, 203, 'B5', 20.00, 1, 'Cash'),
(63, 121, 'C20', 10.00, 1, 'Cash'),
(64, 4, 'A10', 25.00, 1, 'Pix'),
(65, 167, 'B4', 20.00, 1, 'Cash'),
(66, 107, 'E3', 20.00, 1, 'Creditcard'),
(67, 400, 'E2', 25.00, 2, 'Cash'),
(68, 288, 'H17', 25.00, 2, 'Pix'),
(69, 419, 'F14', 20.00, 3, 'Creditcard'),
(70, 11, 'B10', 20.00, 1, 'Cash'),
(71, 195, 'C18', 20.00, 1, 'Creditcard'),
(72, 166, 'J1', 15.00, 1, 'Creditcard'),
(73, 167, 'A18', 20.00, 1, 'Pix'),
(74, 201, 'H16', 10.00, 1, 'Pix'),
(75, 198, 'B16', 15.00, 1, 'Cash'),
(76, 250, 'E18', 15.00, 3, 'Cash'),
(77, 284, 'G10', 25.00, 2, 'Pix'),
(78, 173, 'D5', 10.00, 1, 'Pix'),
(79, 256, 'G8', 25.00, 3, 'Cash'),
(80, 194, 'I17', 15.00, 1, 'Creditcard'),
(81, 228, 'D15', 25.00, 2, 'Creditcard'),
(82, 309, 'G19', 10.00, 3, 'Creditcard'),
(83, 202, 'H7', 15.00, 1, 'Cash'),
(84, 395, 'C20', 20.00, 2, 'Creditcard'),
(85, 249, 'H17', 10.00, 3, 'Pix'),
(86, 398, 'G12', 15.00, 2, 'Creditcard'),
(87, 227, 'H13', 20.00, 2, 'Cash'),
(88, 221,'G17', 10.00, 1, 'Cash'),
(89, 82, 'D20', 15.00, 1, 'Cash'),
(90, 178, 'B10', 15.00, 1, 'Creditcard'),
(91, 98, 'B6', 15.00, 1, 'Creditcard'),
(92, 107, 'C7', 20.00, 1, 'Cash'),
(93, 143, 'G18', 20.00, 1, 'Cash'),
(94, 194, 'A4', 15.00, 1, 'Pix'),
(95, 87,'E7', 20.00, 1, 'Pix'),
(96, 36, 'A9', 25.00, 1, 'Pix'),
(97, 423, 'J18', 20.00, 3, 'Cash'),
(98, 86, 'I1', 15.00, 1, 'Pix'),
(99, 206, 'A5', 15.00, 1, 'Creditcard'),
(100, 49, 'C11', 10.00, 1, 'Cash'),
(101, 95, 'F2', 20.00, 1, 'Pix'),
(102, 178, 'I17', 15.00, 1, 'Pix'),
(103, 208, 'A8', 25.00, 1, 'Creditcard'),
(104, 15, 'C19', 20.00, 1, 'Pix'),
(105, 176, 'J6', 25.00, 1, 'Cash'),
(106, 39, 'J15', 20.00, 1, 'Cash'),
(107, 198, 'C7', 15.00, 1, 'Creditcard'),
(108, 340, 'E9', 25.00, 2, 'Creditcard'),
(109, 282, 'G13', 15.00, 2, 'Creditcard'),
(110, 118, 'J8', 15.00, 1, 'Cash'),
(111, 105, 'E6', 10.00, 1, 'Creditcard'),
(112, 54, 'B18', 15.00, 1, 'Cash'),
(113, 173, 'G18', 10.00, 1, 'Pix'),
(114, 119, 'A15', 20.00, 1, 'Pix'),
(115, 8, 'F13', 25.00, 1, 'Creditcard'),
(116, 38, 'G4', 15.00, 1, 'Pix'),
(117, 16, 'G6', 25.00, 1, 'Creditcard'),
(118, 115, 'H18', 20.00, 1, 'Pix'),
(119, 146, 'D14', 15.00, 1, 'Cash'),
(120, 133, 'J1', 10.00, 1, 'Cash'),
(121, 219, 'I14', 20.00, 1, 'Cash'),
(122, 203, 'J11', 20.00, 1, 'Cash'),
(123, 40, 'G17', 25.00, 1, 'Pix'),
(124, 84, 'G2', 25.00, 1, 'Cash'),
(125, 308, 'A10', 25.00, 3, 'Pix'),
(126, 39, 'H7', 20.00, 1, 'Pix'),
(127, 73, 'D11', 10.00, 1, 'Cash'),
(128, 337, 'A12', 10.00, 2, 'Pix'),
(129, 107, 'D11', 20.00, 1, 'Pix'),
(130, 141, 'F10', 10.00, 1, 'Creditcard'),
(131, 207, 'D13', 20.00, 1, 'Creditcard'),
(132, 283, 'J16', 20.00, 2, 'Cash'),
(133, 35, 'A7', 20.00, 1, 'Creditcard'),
(134, 147, 'B14', 20.00, 1, 'Creditcard'),
(135, 141, 'C13', 10.00, 1, 'Pix'),
(136, 249, 'H1', 10.00, 3, 'Creditcard'),
(137, 39, 'E5', 20.00, 1, 'Creditcard'),
(138, 198, 'B4', 15.00, 1, 'Pix'),
(139, 11, 'B8', 20.00, 1, 'Cash'),
(140, 180, 'B11', 25.00, 1, 'Creditcard'),
(141, 312, 'G18', 25.00, 3, 'Creditcard'),
(142, 55, 'H2', 20.00, 1, 'Pix'),
(143, 70, 'A8', 15.00, 1, 'Creditcard'),
(144, 14, 'A7', 15.00, 1, 'Creditcard'),
(145, 227, 'D20', 20.00, 2, 'Cash'),
(146, 139, 'H6', 20.00, 1, 'Cash'),
(147, 90, 'D8', 15.00, 1, 'Pix'),
(148, 125, 'B8', 10.00, 1, 'Pix'),
(149, 310, 'E7', 15.00, 3, 'Pix'),
(150, 57, 'D13', 10.00, 1, 'Cash'),
(151, 395, 'J17', 20.00, 2, 'Creditcard'),
(152, 72, 'D5', 25.00, 1, 'Creditcard'),
(153, 423, 'D19', 20.00, 3, 'Cash'),
(154, 281, 'A12', 10.00, 2, 'Pix'),
(155, 363, 'D7', 20.00, 3, 'Cash'),
(156, 419, 'C7', 20.00, 3, 'Creditcard'),
(157, 203, 'C19', 20.00, 1, 'Pix'),
(158, 41, 'J13', 10.00, 1, 'Pix'),
(159, 205, 'H13', 10.00, 1, 'Cash'),
(160, 398, 'I20', 15.00, 2, 'Pix'),
(161, 229, 'J3', 10.00, 2, 'Cash'),
(162, 71, 'F13', 20.00, 1, 'Creditcard'),
(163, 219, 'C7', 20.00, 1, 'Creditcard'),
(164, 171, 'G2', 20.00, 1, 'Cash'),
(165, 56, 'H8', 25.00, 1, 'Pix'),
(166, 32, 'I18', 25.00, 1, 'Pix'),
(167, 16, 'I6', 25.00, 1, 'Pix'),
(168, 34, 'E19', 15.00, 1, 'Pix'),
(169, 128, 'C7', 25.00, 1, 'Pix'),
(170, 206, 'B14', 15.00, 1, 'Creditcard'),
(171, 87, 'B2', 20.00, 1, 'Creditcard'),
(172, 183, 'F3', 20.00, 1, 'Pix'),
(173, 367, 'D9', 20.00, 3, 'Pix'),
(174, 229, 'I9', 10.00, 2, 'Pix'),
(175, 361, 'G12', 10.00, 3, 'Creditcard'),
(176, 88, 'H10', 25.00, 1, 'Pix'),
(177, 281, 'C18', 10.00, 2, 'Cash'),
(178, 6, 'E7', 15.00, 1, 'Cash'),
(179, 395, 'J19', 20.00, 2, 'Pix'),
(180, 58, 'E13', 15.00, 1, 'Pix'),
(181, 305, 'F3', 10.00, 3, 'Cash'),
(182, 418, 'E2', 15.00, 3, 'Creditcard'),
(183, 116, 'H11', 25.00, 1,'Pix'),
(184, 87, 'A6', 20.00, 1, 'Cash'),
(185, 93, 'J8', 10.00, 1, 'Creditcard'),
(186, 3, 'F10', 20.00, 1, 'Cash'),
(187, 91, 'F13', 20.00, 1, 'Pix'),
(188, 3, 'F5', 20.00, 1, 'Cash'),
(189, 362, 'E18', 15.00, 3, 'Pix'),
(190, 124, 'F10', 25.00, 1, 'Cash'),
(191, 137, 'B7', 10.00, 1, 'Creditcard'),
(192, 184, 'E7', 25.00, 1, 'Creditcard'),
(193, 35, 'F15', 20.00, 1, 'Creditcard'),
(194, 149, 'D15', 10.00, 1, 'Cash'),
(195, 1, 'A14', 10.00, 1, 'Pix'),
(196, 198, 'E20', 15.00, 1, 'Creditcard'),
(197, 91, 'J2', 20.00, 1, 'Cash'),
(198, 166, 'J19', 15.00, 1, 'Pix'),
(199, 149, 'C16', 10.00, 1, 'Pix'),
(200, 368, 'J12', 25.00, 3, 'Pix'),
(201, 141, 'J7', 10.00, 1, 'Pix'),
(202, 308, 'F17', 25.00, 3, 'Creditcard'),
(203, 121, 'C5', 10.00, 1, 'Creditcard'),
(204, 96, 'H14', 25.00, 1, 'Pix'),
(205, 306, 'J14', 15.00, 3, 'Pix'),
(206, 111, 'B8', 20.00, 1, 'Cash'),
(207, 283, 'G17', 20.00, 2, 'Pix'),
(208, 136, 'E7', 25.00, 1, 'Creditcard'),
(209, 393, 'H15', 10.00, 2, 'Pix'),
(210, 9, 'J19', 10.00, 1, 'Cash'),
(211, 8, 'E14', 25.00, 1, 'Creditcard'),
(212, 433, 'J10', 10.00, 1, 'Creditcard'),
(213, 117, 'G12', 10.00, 1, 'Creditcard'),
(214, 59, 'A14', 20.00, 1, 'Creditcard'),
(215, 230, 'H3', 15.00, 2, 'Creditcard'),
(216, 196, 'H14', 25.00, 1, 'Cash'),
(217, 342, 'E19', 15.00, 2, 'Creditcard'),
(218, 122, 'I18', 15.00, 1, 'Cash'),
(219, 230, 'J3', 15.00, 2, 'Pix'),
(220, 287, 'I18', 20.00, 2, 'Pix'),
(221, 16, 'C1', 25.00, 1, 'Cash'),
(222, 142, 'G12', 15.00, 1, 'Creditcard'),
(223, 424, 'D18', 25.00, 3, 'Cash'),
(224, 151, 'C6', 20.00, 1, 'Creditcard'),
(225, 203, 'G8', 20.00, 1, 'Pix'),
(226, 91, 'B8', 20.00, 1, 'Cash'),
(227, 125, 'E15', 10.00, 1, 'Creditcard'),
(228, 197, 'C1', 10.00, 1, 'Creditcard'),
(229, 84, 'H12', 25.00, 1, 'Creditcard'),
(230, 225, 'F6', 10.00, 2, 'Cash'),
(231, 128, 'B2', 25.00, 1, 'Cash'),
(232, 397, 'F6', 10.00, 2, 'Cash'),
(233, 164, 'D2', 25.00, 1, 'Pix'),
(234, 125, 'J18', 10.00, 1, 'Pix'),
(235, 38, 'B4', 15.00, 1, 'Creditcard'),
(236, 182, 'I14', 15.00, 1, 'Creditcard'),
(237, 12, 'F2', 25.00, 1, 'Cash'),
(238, 166, 'D8', 15.00, 1, 'Creditcard'),
(239, 219, 'H4', 20.00, 1, 'Creditcard'),
(240, 170, 'A1', 15.00, 1, 'Pix'),
(241, 58, 'D20', 15.00, 1, 'Creditcard'),
(242, 25, 'D6', 10.00, 1, 'Pix'),
(243, 16, 'E8', 25.00, 1, 'Pix'),
(244, 222, 'G2', 15.00, 1, 'Pix'),
(245, 164, 'F19', 25.00, 1, 'Pix'),
(246, 31, 'H18', 20.00, 1, 'Pix'),
(247, 149, 'I17', 10.00, 1, 'Creditcard'),
(248, 71, 'F11', 20.00, 1, 'Creditcard'),
(249, 69, 'C10', 10.00, 1, 'Creditcard'),
(250, 421, 'I6', 10.00, 3, 'Creditcard'),
(251, 6, 'I18', 15.00, 1, 'Cash'),
(252, 422, 'B20', 15.00, 3, 'Cash'),
(253, 125, 'C13', 10.00, 1, 'Cash'),
(254, 62, 'D11', 15.00, 1, 'Cash'),
(255, 13, 'F14', 10.00, 1, 'Pix'),
(256, 400, 'E20', 25.00, 2, 'Cash'),
(257, 69, 'E11', 10.00, 1, 'Cash'),
(258, 87, 'A4', 20.00, 1, 'Creditcard'),
(259, 307, 'J11', 20.00, 3, 'Pix'),
(260, 63, 'I3', 20.00, 1, 'Pix'),
(261, 206, 'H4', 15.00, 1, 'Cash'),
(262, 148, 'F19', 25.00, 1, 'Cash'),
(263, 125, 'A4', 10.00, 1, 'Pix'),
(264, 423, 'J19', 20.00, 3, 'Creditcard'),
(265, 185, 'G16', 10.00, 1, 'Cash'),
(266, 342, 'I20', 15.00, 2, 'Creditcard'),
(267, 396, 'B9', 25.00, 2, 'Creditcard'),
(268, 105, 'H6', 10.00, 1, 'Pix'),
(269, 142, 'D20', 15.00, 1, 'Cash'),
(270, 37, 'E19', 10.00, 1, 'Creditcard'),
(271, 196, 'B8', 25.00, 1, 'Pix'),
(272, 120, 'E3', 25.00, 1, 'Cash'),
(273, 169, 'I1', 10.00, 1, 'Creditcard'),
(274, 123, 'E20', 20.00, 1, 'Cash'),
(275, 49, 'E19', 10.00, 1, 'Cash'),
(276, 10, 'G1', 15.00, 1, 'Pix'),
(277, 69, 'H1', 10.00, 1, 'Creditcard'),
(278, 417, 'A5', 10.00, 3, 'Pix'),
(279, 196, 'C3', 25.00, 1, 'Creditcard'),
(280, 230, 'G13', 15.00, 2, 'Creditcard'),
(281, 85, 'C13', 10.00, 1, 'Creditcard'),
(282, 250, 'E19', 15.00, 3, 'Pix'),
(283, 339, 'D7', 20.00, 2, 'Pix'),
(284, 224, 'F16', 25.00, 1, 'Cash'),
(285, 286, 'C7', 15.00, 2, 'Pix'),
(286, 255, 'J9', 20.00, 3, 'Creditcard'),
(287, 49, 'B14', 10.00, 1, 'Creditcard'),
(288, 138, 'I15', 15.00, 1, 'Creditcard'),
(289, 82, 'D4', 15.00, 1, 'Cash'),
(290, 205, 'G1', 10.00, 1, 'Cash'),
(291, 284, 'A3', 25.00, 2, 'Creditcard'),
(292, 307, 'J9', 20.00, 3, 'Pix'),
(293, 250, 'F14', 15.00, 3, 'Cash'),
(294, 251, 'G13', 20.00, 3, 'Pix'),
(295, 423, 'F1', 20.00, 3, 'Creditcard'),
(296, 230, 'F4', 15.00, 2, 'Creditcard'),
(297, 36, 'I2', 25.00, 1, 'Cash'),
(298, 136, 'G11', 25.00, 1, 'Creditcard'),
(299, 362, 'E9', 15.00, 3, 'Pix'),
(300, 424, 'A20', 25.00, 3, 'Creditcard'),
(301, 81, 'H17', 10.00, 1, 'Cash'),
(302, 423, 'F19', 20.00, 3, 'Pix'),
(303, 394, 'F13', 15.00, 2, 'Creditcard'),
(304, 131, 'F10', 20.00, 1, 'Creditcard'),
(305, 107, 'H16', 20.00, 1, 'Creditcard'),
(306, 151, 'E18', 20.00, 1, 'Pix'),
(307, 151, 'C13', 20.00, 1, 'Cash'),
(308, 61, 'I3', 10.00, 1, 'Creditcard'),
(309, 191, 'G15', 20.00, 1, 'Creditcard'),
(310, 16, 'B10', 25.00, 1, 'Creditcard'),
(311, 26, 'E3', 15.00, 1, 'Pix'),
(312, 344, 'F8', 25.00, 2, 'Pix'),
(313, 28, 'F9', 25.00, 1, 'Creditcard'),
(314, 83, 'F15', 20.00, 1, 'Creditcard'),
(315, 7, 'J1', 20.00, 1, 'Cash'),
(316, 57, 'I4', 10.00, 1, 'Cash'),
(317, 144, 'D17', 25.00, 1, 'Cash'),
(318, 146, 'H16', 15.00, 1, 'Pix'),
(319, 206, 'C18', 15.00, 1, 'Cash'),
(320, 399, 'H20', 20.00, 2, 'Creditcard'),
(321, 183, 'G4', 20.00, 1, 'Creditcard'),
(322, 114, 'E7', 15.00, 1, 'Creditcard'),
(323, 50, 'G17', 15.00, 1, 'Pix'),
(324, 255, 'H4', 20.00, 3, 'Pix'),
(325, 65, 'E5', 10.00, 1, 'Creditcard'),
(326, 222, 'G12', 15.00, 1, 'Creditcard'),
(327, 396, 'A1', 25.00, 2, 'Pix'),
(328, 111, 'H16', 20.00, 1, 'Pix'),
(329, 164, 'A5', 25.00, 1, 'Creditcard'),
(330, 253, 'E13', 25.00, 3, 'Pix'),
(331, 50, 'C6', 15.00, 1, 'Cash'),
(332, 137, 'A6', 10.00, 1, 'Pix'),
(333, 171, 'A8', 20.00, 1, 'Creditcard'),
(334, 311, 'A13', 20.00, 3, 'Pix'),
(335, 249, 'E20', 10.00, 3, 'Cash'),
(336, 39, 'A17', 20.00, 1, 'Cash'),
(337, 172, 'H14', 25.00, 1, 'Creditcard'),
(338, 281, 'C20', 10.00, 2, 'Creditcard'),
(339, 184, 'D11', 25.00, 1, 'Pix'),
(340, 137, 'A15', 10.00, 1, 'Creditcard'),
(341, 229, 'H3', 10.00, 2, 'Creditcard'),
(342, 107, 'F13', 20.00, 1, 'Pix'),
(343, 91, 'D6', 20.00, 1, 'Pix'),
(344, 250, 'I9', 15.00, 3, 'Cash'),
(345, 424, 'B12', 25.00, 3, 'Cash'),
(346, 128, 'E12', 25.00, 1, 'Cash'),
(347, 90, 'E18', 15.00, 1, 'Pix'),
(348, 89, 'C4', 10.00, 1, 'Creditcard'),
(349, 8, 'J8', 25.00, 1, 'Pix'),
(350, 165, 'C2', 10.00, 1, 'Cash'),
(351, 202, 'B5', 15.00, 1, 'Creditcard'),
(352, 83, 'A7', 20.00, 1, 'Creditcard'),
(353, 162, 'E16', 15.00, 1, 'Pix'),
(354, 165, 'F12', 10.00, 1, 'Cash'),
(355, 121, 'B3', 10.00, 1, 'Creditcard'),
(356, 51, 'J6', 20.00, 1, 'Pix'),
(357, 342, 'H17', 15.00, 2, 'Pix'),
(358, 222, 'B10', 15.00, 1, 'Cash'),
(359, 204, 'G9', 25.00, 1, 'Creditcard'),
(360, 202, 'I5', 15.00, 1, 'Pix'),
(361, 283, 'F6', 20.00, 2, 'Pix'),
(362, 189, 'B18', 10.00, 1, 'Pix'),
(363, 26, 'J15', 15.00, 1, 'Cash'),
(364, 176, 'G4', 25.00, 1, 'Creditcard'),
(365, 283, 'E9', 20.00, 2, 'Cash'),
(366, 48, 'A19', 25.00, 1, 'Creditcard'),
(367, 32, 'A6', 25.00, 1, 'Pix'),
(368, 97, 'C1', 10.00, 1, 'Creditcard'),
(369, 95, 'H10', 20.00, 1, 'Cash'),
(370, 162, 'C4', 15.00, 1, 'Pix'),
(371, 148, 'B19', 25.00, 1, 'Creditcard'),
(372, 420, 'J10', 25.00, 3, 'Pix'),
(373, 253, 'H1', 10.00, 3, 'Pix'),
(374, 198, 'C17', 15.00, 1, 'Cash'),
(375, 164, 'C12', 25.00, 1, 'Creditcard'),
(376, 170, 'A14', 15.00, 1, 'Creditcard'),
(377, 200, 'C12', 25.00, 1, 'Pix'),
(378, 201, 'F14', 10.00, 1, 'Pix'),
(379, 182, 'C9', 15.00, 1, 'Cash'),
(380, 118, 'I13', 15.00, 1, 'Creditcard'),
(381, 67, 'G6', 20.00, 1, 'Cash'),
(382, 52, 'D15', 25.00, 1, 'Creditcard'),
(383, 285, 'B17', 10.00, 2, 'Cash'),
(384, 165, 'H6', 10.00, 1, 'Pix'),
(385, 396, 'A13', 25.00, 2, 'Pix'),
(386, 142, 'G14', 15.00, 1, 'Cash'),
(387, 197, 'E19', 10.00, 1, 'Cash'),
(388, 28, 'B5', 25.00, 1, 'Creditcard'),
(389, 60, 'H5', 25.00, 1, 'Pix'),
(390, 123, 'G14', 20.00, 1, 'Cash'),
(391, 394, 'F9', 15.00, 2, 'Pix'),
(392, 49, 'J11', 10.00, 1, 'Cash'),
(393, 137, 'A10', 10.00, 1, 'Cash'),
(394, 137, 'C7', 10.00, 1, 'Pix'),
(395, 163, 'G13', 20.00, 1, 'Pix'),
(396, 85, 'J14', 15.00, 1, 'Creditcard'),
(397, 6, 'G4', 15.00, 1, 'Creditcard'),
(398, 12, 'F11', 25.00, 1, 'Cash'),
(399, 338, 'D13', 15.00, 2, 'Creditcard'),
(400, 116, 'F12', 25.00, 1, 'Cash'),
(401, 127, 'D19', 20.00, 1, 'Pix'),
(402, 10, 'H19', 15.00, 1, 'Pix'),
(403, 111, 'E13', 20.00, 1, 'Pix'),
(404, 254, 'G19', 15.00, 3, 'Pix'),
(405, 52, 'E12', 25.00, 1, 'Cash'),
(406, 173, 'D2', 10.00, 1, 'Pix'),
(407, 183, 'G19', 20.00, 1, 'Cash'),
(408, 178, 'F17', 15.00, 1, 'Cash'),
(409, 364, 'E12', 25.00, 3, 'Creditcard'),
(410, 203, 'G17', 20.00, 1, 'Cash'),
(411, 32, 'D13', 25.00, 1, 'Pix'),
(412, 204, 'C1', 25.00, 1, 'Creditcard'),
(413, 208, 'D1', 25.00, 1, 'Cash'),
(414, 362, 'F4', 15.00, 3, 'Pix'),
(415, 205, 'H17', 10.00, 1, 'Cash'),
(416, 153, 'H3', 10.00, 1, 'Pix'),
(417, 37, 'B4', 10.00, 1, 'Creditcard'),
(418, 361, 'H7', 10.00, 3, 'Pix'),
(419, 206, 'D11', 15.00, 1, 'Creditcard'),
(420, 252, 'D8', 25.00, 3, 'Creditcard'),
(421, 305, 'I16', 10.00, 3, 'Cash'),
(422, 147, 'H15', 20.00, 1, 'Cash'),
(423, 195, 'G12', 20.00, 1, 'Cash'),
(424, 56, 'C9', 25.00, 1, 'Pix'),
(425, 87, 'E5', 20.00, 1, 'Pix'),
(426, 180, 'G20', 25.00, 1, 'Cash'),
(427, 54, 'B13', 15.00, 1, 'Pix'),
(428, 105, 'J5', 10.00, 1, 'Cash'),
(429, 285, 'C13', 10.00, 2, 'Creditcard'),
(430, 285, 'F5', 10.00, 2, 'Pix'),
(431, 223, 'I2', 20.00, 1, 'Cash'),
(432, 249, 'F16', 10.00, 3, 'Creditcard'),
(433, 305, 'A13', 10.00, 3, 'Creditcard'),
(434, 52, 'H4', 25.00, 1, 'Pix'),
(435, 35, 'E16', 20.00, 1, 'Cash'),
(436, 119, 'E19', 20.00, 1, 'Cash'),
(437, 398, 'J14', 15.00, 2, 'Creditcard'),
(438, 139, 'H14', 20.00, 1, 'Pix'),
(439, 310, 'D16', 15.00, 3, 'Creditcard'),
(440, 2, 'J1', 15.00, 1, 'Creditcard'),
(441, 250, 'C19', 15.00, 3, 'Creditcard'),
(442, 394, 'D10', 15.00, 2, 'Cash'),
(443, 178, 'A1', 15.00, 1, 'Cash'),
(444, 184, 'F19', 25.00, 1, 'Cash'),
(445, 195, 'I3', 20.00, 1, 'Cash'),
(446, 48, 'H13', 25.00, 1, 'Pix'),
(447, 395,'J3', 20.00, 2, 'Cash'),
(448, 343, 'C2', 20.00, 2, 'Cash'),
(449, 143, 'A5', 20.00, 1, 'Creditcard'),
(450, 152, 'H4', 25.00, 1, 'Cash'),
(451, 58, 'F15', 15.00, 1, 'Cash'),
(452, 225, 'F9', 10.00, 2, 'Cash'),
(453, 49, 'F3', 10.00, 1, 'Pix'),
(454, 50, 'G15', 15.00, 1, 'Cash'),
(455, 254, 'G20', 15.00, 3, 'Pix'),
(456, 54, 'D4', 15.00, 1, 'Pix'),
(457, 114, 'C18', 15.00, 1, 'Cash'),
(458, 68, 'E4', 25.00, 1, 'Pix'),
(459, 27, 'F3', 20.00, 1, 'Pix'),
(460, 138, 'G1', 15.00, 1, 'Pix'),
(461, 422, 'E16', 15.00, 3, 'Cash'),
(462, 361, 'A9', 10.00, 3, 'Pix'),
(463, 418, 'B20', 15.00, 3, 'Creditcard'),
(464, 227, 'E2', 20.00, 2, 'Cash'),
(465, 145, 'E15', 10.00, 1, 'Pix'),
(466, 15, 'E7', 20.00, 1, 'Cash'),
(467, 398, 'E7', 15.00, 2, 'Cash'),
(468, 68, 'I8', 25.00, 1, 'Cash'),
(469, 255, 'I20', 20.00, 3, 'Creditcard'),
(470, 90, 'J15', 15.00, 1, 'Cash'),
(471, 78, 'A9', 15.00, 1, 'Pix'),
(472, 139, 'I16', 20.00, 1, 'Pix'),
(473, 342, 'E8', 15.00, 2, 'Cash'),
(474, 37, 'B6', 10.00, 1, 'Cash'),
(475, 13, 'J12', 10.00, 1, 'Cash'),
(476, 368, 'E5', 25.00, 3, 'Creditcard'),
(477, 201, 'E5', 10.00, 1, 'Creditcard'),
(478, 400, 'H19', 25.00, 2, 'Cash'),
(479, 59, 'F13', 20.00, 1, 'Pix'),
(480, 13, 'B9', 10.00, 1, 'Cash'),
(481, 418, 'C1', 15.00, 3, 'Pix'),
(482, 31, 'J10', 20.00, 1, 'Cash'),
(483, 8, 'A1', 25.00, 1, 'Creditcard'),
(484, 11, 'F8', 20.00, 1, 'Creditcard'),
(485, 142, 'G19', 15.00, 1, 'Creditcard'),
(486, 111, 'F7', 20.00, 1, 'Cash'),
(487, 174, 'B7', 15.00, 1, 'Creditcard'),
(488, 208, 'J2', 25.00, 1, 'Cash'),
(489, 121,'F17', 10.00, 1, 'Cash'),
(490, 62, 'A6', 15.00, 1, 'Cash'),
(491, 251, 'A18', 20.00, 3, 'Pix'),
(492, 56, 'A20', 25.00, 1, 'Creditcard'),
(493, 162, 'B4', 15.00, 1, 'Creditcard'),
(494, 107, 'G15', 20.00, 1, 'Pix'),
(495, 58, 'B10', 15.00, 1, 'Pix'),
(496, 223, 'B19', 20.00, 1, 'Pix'),
(497, 91, 'J14', 20.00, 1, 'Cash'),
(498, 72, 'F17', 25.00, 1, 'Cash'),
(499, 198, 'F16', 15.00, 1, 'Creditcard'),
(500, 366, 'A18', 15.00, 3, 'Creditcard'),
(501, 227, 'G1', 20.00, 2, 'Pix'),
(502, 305, 'C14', 10.00, 3, 'Cash'),
(503, 368, 'G6', 25.00, 3, 'Creditcard'),
(504, 128,'H5', 25.00, 1, 'Cash'),
(505, 368,'B5', 25.00, 3, 'Creditcard'),
(506, 202,'E1', 15.00, 1, 'Cash'),
(507, 399, 'C4', 20.00, 2, 'Cash'),
(508, 219, 'F15', 20.00, 1, 'Pix'),
(509, 224, 'E3', 25.00, 1, 'Pix'),
(510, 95, 'A6', 20.00, 1, 'Pix'),
(511, 199, 'D9', 20.00, 1, 'Cash'),
(512, 368, 'F8', 25.00, 3, 'Cash'),
(513, 44, 'J20', 25.00, 1, 'Creditcard'),
(514, 423, 'J20', 20.00, 3, 'Creditcard'),
(515, 205, 'B7', 10.00, 1, 'Pix'),
(516, 93, 'H15', 10.00, 1, 'Cash'),
(517, 145, 'A17', 10.00, 1, 'Creditcard'),
(518, 107, 'D3', 20.00, 1, 'Cash'),
(519, 28, 'D14', 25.00, 1, 'Pix'),
(520, 178, 'G14', 15.00, 1, 'Pix'),
(521, 161, 'F4', 10.00, 1, 'Creditcard'),
(522, 151, 'D11', 20.00, 1, 'Pix'),
(523, 184, 'J14', 25.00, 1, 'Cash'),
(524, 362, 'B2', 15.00, 3, 'Creditcard'),
(525, 1, 'J15', 10.00, 1, 'Creditcard'),
(526, 84, 'G8', 25.00, 1, 'Pix'),
(527, 106, 'D1', 15.00, 1, 'Pix'),
(528, 119, 'G3', 20.00, 1, 'Creditcard'),
(529, 217, 'H16', 10.00, 1, 'Pix'),
(530, 308, 'G2', 25.00, 3, 'Cash'),
(531, 37, 'F18', 10.00, 1, 'Pix'),
(532, 420, 'B12', 25.00, 3, 'Cash'),
(533, 175, 'H9', 20.00, 1, 'Cash'),
(534, 49, 'A16', 10.00, 1, 'Cash'),
(535, 183, 'A10', 20.00, 1, 'Pix'),
(536, 118, 'F2', 15.00, 1, 'Creditcard'),
(537, 55, 'I7', 20.00, 1, 'Pix'),
(538, 129, 'H16', 10.00, 1, 'Pix'),
(539, 254, 'I3', 15.00, 3, 'Pix'),
(540, 148, 'D19', 25.00, 1, 'Creditcard'),
(541, 104, 'I4', 25.00, 1, 'Creditcard'),
(542, 198, 'D12', 15.00, 1, 'Creditcard'),
(543, 394, 'B19', 15.00, 2, 'Creditcard'),
(544, 6, 'G17', 15.00, 1, 'Creditcard'),
(545, 198, 'A9', 15.00, 1, 'Cash'),
(546, 309, 'I1', 10.00, 3, 'Pix'),
(547, 180, 'J20', 25.00, 1, 'Cash'),
(548, 178, 'J19', 15.00, 1, 'Pix'),
(549, 57, 'G3', 10.00, 1, 'Cash'),
(550, 118, 'D11', 15.00, 1, 'Creditcard'),
(551, 342, 'C8', 15.00, 2, 'Pix'),
(552, 138, 'D5', 15.00, 1, 'Creditcard'),
(553, 226, 'F15', 15.00, 2, 'Cash'),
(554, 217, 'I6', 10.00, 1, 'Cash'),
(555, 424, 'F3', 25.00, 3, 'Creditcard'),
(556, 286, 'H15', 15.00, 2, 'Pix'),
(557, 334, 'C14', 15.00, 1, 'Cash'),
(558, 359, 'H11', 20.00, 1, 'Creditcard'),
(559, 233, 'C17', 10.00, 1, 'Pix'),
(560, 259, 'I7', 20.00, 1, 'Pix'),
(561, 389, 'D17', 10.00, 1, 'Cash'),
(562, 407, 'F6', 20.00, 1, 'Creditcard'),
(563, 400, 'I19', 25.00, 2, 'Pix'),
(564, 329, 'I18', 10.00, 1, 'Cash'),
(565, 260, 'I6', 25.00, 1, 'Cash'),
(566, 247, 'B3', 20.00, 1, 'Creditcard'),
(567, 274, 'I16', 15.00, 1, 'Cash'),
(568, 372, 'D2', 25.00, 1, 'Pix'),
(569, 402, 'J7', 15.00, 1, 'Creditcard'),
(570, 95, 'C2', 20.00, 1, 'Pix'),
(571, 67, 'A20', 20.00, 1, 'Cash'),
(572, 40, 'H16', 25.00, 1, 'Creditcard'),
(573, 340, 'F1', 25.00, 2, 'Cash'),
(574, 308, 'E1', 25.00, 3, 'Creditcard'),
(575, 283, 'J8', 20.00, 2, 'Cash'),
(576, 220, 'B3', 25.00, 1, 'Cash'),
(577, 11, 'F9', 20.00, 1, 'Creditcard'),
(578, 105, 'F18', 10.00, 1, 'Creditcard'),
(579, 363, 'A8', 20.00, 3, 'Creditcard'),
(580, 365, 'H9', 10.00, 3, 'Cash'),
(581, 255, 'I13', 20.00, 3, 'Pix'),
(582, 363, 'B5', 20.00, 3, 'Cash'),
(583, 49, 'H12', 10.00, 1, 'Creditcard'),
(584, 57, 'J13', 10.00, 1, 'Pix'),
(585, 171, 'G12', 20.00, 1, 'Creditcard'),
(586, 175, 'G8', 20.00, 1, 'Pix'),
(587, 37, 'F19', 10.00, 1, 'Cash'),
(588, 218, 'C11', 15.00, 1, 'Cash'),
(589, 85, 'I3', 10.00, 1, 'Pix'),
(590, 126, 'B12', 15.00, 1, 'Pix'),
(591, 197, 'H3', 10.00, 1, 'Cash'),
(592, 14, 'E16', 15.00, 1, 'Cash'),
(593, 422, 'B12', 15.00, 3, 'Creditcard'),
(594, 118, 'J11', 15.00, 1, 'Pix'),
(595, 32, 'D9', 25.00, 1, 'Creditcard'),
(596, 16, 'A20', 25.00, 1, 'Creditcard'),
(597, 184, 'I7', 25.00, 1, 'Creditcard'),
(598, 127, 'J12', 20.00, 1, 'Creditcard'),
(599, 91, 'J7', 20.00, 1, 'Pix'),
(600, 54, 'J10', 15.00, 1, 'Cash'),
(611, 289, 'E18', 10.00, 1, 'Creditcard'), 
(612, 374, 'J19', 15.00, 1, 'Cash'), 
(613, 244, 'J7', 25.00, 1, 'Cash'), 
(614, 350, 'F4', 15.00, 1, 'Cash'), 
(615, 296, 'B16', 25.00, 1, 'Creditcard'), 
(616, 293, 'B14', 10.00, 1, 'Cash'), 
(617, 369, 'B15', 10.00, 1, 'Cash'), 
(618, 325, 'J8', 10.00, 1, 'Cash'), 
(619, 434, 'C6', 15.00, 1, 'Cash'), 
(620, 348, 'I2', 25.00, 1, 'Pix'), 
(621, 447, 'B1', 20.00, 1, 'Pix'), 
(622, 376, 'D5', 25.00, 1, 'Pix'), 
(623, 412, 'A9', 25.00, 1, 'Cash'), 
(624, 260, 'H18', 25.00, 1, 'Creditcard'), 
(625, 380, 'E17', 25.00, 1, 'Creditcard'), 
(626, 333, 'E14', 10.00, 1, 'Pix'), 
(627, 280, 'F2', 25.00, 1, 'Pix'), 
(628, 331, 'D2', 20.00, 1, 'Cash'), 
(629, 273, 'I14', 10.00, 1, 'Creditcard'), 
(630, 401, 'A2', 10.00, 1, 'Creditcard'), 
(631, 290, 'J19', 15.00, 1, 'Pix'), 
(632, 316, 'H17', 25.00, 1, 'Cash'), 
(633, 426, 'H3', 15.00, 1, 'Cash'), 
(634, 414, 'G1', 15.00, 1, 'Pix'), 
(635, 413, 'A8', 10.00, 1, 'Pix'), 
(636, 445, 'B5', 10.00, 1, 'Cash'), 
(637, 298, 'E20', 15.00, 1, 'Creditcard'), 
(638, 315, 'H12', 20.00, 1, 'Creditcard'), 
(639, 331, 'F15', 20.00, 1, 'Creditcard'), 
(640, 289, 'B11', 10.00, 1, 'Creditcard'), 
(641, 350, 'E16', 15.00, 1, 'Cash'), 
(642, 427, 'B5', 20.00, 1, 'Cash'), 
(643, 345, 'C20', 10.00, 1, 'Cash'), 
(644, 244, 'A10', 25.00, 1, 'Pix'), 
(645, 391, 'B4', 20.00, 1, 'Cash'), 
(646, 331, 'E3', 20.00, 1, 'Creditcard'), 
(647, 235, 'B10', 20.00, 1, 'Cash'), 
(648, 435, 'C18', 20.00, 1, 'Creditcard'), 
(649, 390, 'J1', 15.00, 1, 'Creditcard'), 
(650, 391, 'A18', 20.00, 1, 'Pix'), 
(651, 425, 'H16', 10.00, 1, 'Pix'), 
(652, 438, 'B16', 15.00, 1, 'Cash'), 
(653, 413, 'D5', 10.00, 1, 'Pix'), 
(654, 434, 'I17', 15.00, 1, 'Creditcard'), 
(655, 426, 'H7', 15.00, 1, 'Cash'), 
(656, 445, 'G17', 10.00, 1, 'Cash'), 
(657, 322, 'D20', 15.00, 1, 'Cash'), 
(658, 402, 'B10', 15.00, 1, 'Creditcard'), 
(659, 322, 'B6', 15.00, 1, 'Creditcard'), 
(660, 331, 'C7', 20.00, 1, 'Cash'), 
(661, 383, 'G18', 20.00, 1, 'Cash'), 
(662, 434, 'A4', 15.00, 1, 'Pix'), 
(663, 327, 'E7', 20.00, 1, 'Pix'), 
(664, 260, 'A9', 25.00, 1, 'Pix'), 
(665, 326, 'I1', 15.00, 1, 'Pix'), 
(666, 430, 'A5', 15.00, 1, 'Creditcard'), 
(667, 273, 'C11', 10.00, 1, 'Cash'), 
(668, 319, 'F2', 20.00, 1, 'Pix'), 
(669, 402, 'I17', 15.00, 1, 'Pix'), 
(670, 432, 'A8', 25.00, 1, 'Creditcard'), 
(671, 239, 'C19', 20.00, 1, 'Pix'), 
(672, 416, 'J6', 25.00, 1, 'Cash'), 
(673, 263, 'J15', 20.00, 1, 'Cash'), 
(674, 438, 'C7', 15.00, 1, 'Creditcard'), 
(675, 358, 'J8', 15.00, 1, 'Cash'), 
(676, 329, 'E6', 10.00, 1, 'Creditcard'), 
(677, 278, 'B18', 15.00, 1, 'Cash'), 
(678, 413, 'G18', 10.00, 1, 'Pix'), 
(679, 359, 'A15', 20.00, 1, 'Pix'), 
(680, 248, 'F13', 25.00, 1, 'Creditcard'), 
(681, 262, 'G4', 15.00, 1, 'Pix'), 
(682, 240, 'G6', 25.00, 1, 'Creditcard'), 
(683, 355, 'H18', 20.00, 1, 'Pix'), 
(684, 370, 'D14', 15.00, 1, 'Cash'), 
(685, 357, 'J1', 10.00, 1, 'Cash'), 
(686, 443, 'I14', 20.00, 1, 'Cash'), 
(687, 427, 'J11', 20.00, 1, 'Cash'), 
(688, 264, 'G17', 25.00, 1, 'Pix'), 
(689, 324, 'G2', 25.00, 1, 'Cash'), 
(690, 263, 'H7', 20.00, 1, 'Pix'), 
(691, 297, 'D11', 10.00, 1, 'Cash'), 
(692, 331, 'D11', 20.00, 1, 'Pix'), 
(693, 381, 'F10', 10.00, 1, 'Creditcard'), 
(694, 431, 'D13', 20.00, 1, 'Creditcard'), 
(695, 259, 'A7', 20.00, 1, 'Creditcard'), 
(696, 371, 'B14', 20.00, 1, 'Creditcard'), 
(697, 381, 'C13', 10.00, 1, 'Pix'), 
(698, 263, 'E5', 20.00, 1, 'Creditcard'), 
(699, 438, 'B4', 15.00, 1, 'Pix'), 
(700, 235, 'B8', 20.00, 1, 'Cash'), 
(701, 404, 'B11', 25.00, 1, 'Creditcard'), 
(702, 279, 'H2', 20.00, 1, 'Pix'), 
(703, 294, 'A8', 15.00, 1, 'Creditcard'), 
(704, 238, 'A7', 15.00, 1, 'Creditcard'), 
(705, 379, 'H6', 20.00, 1, 'Cash'), 
(706, 314, 'D8', 15.00, 1, 'Pix'), 
(707, 349, 'B8', 10.00, 1, 'Pix'), 
(708, 297, 'D13', 10.00, 1, 'Cash'), 
(709, 296, 'D5', 25.00, 1, 'Creditcard'), 
(710, 427, 'C19', 20.00, 1, 'Pix'), 
(711, 265, 'J13', 10.00, 1, 'Pix'), 
(712, 429, 'H13', 10.00, 1, 'Cash'), 
(713, 295, 'F13', 20.00, 1, 'Creditcard'), 
(714, 443, 'C7', 20.00, 1, 'Creditcard'), 
(715, 411, 'G2', 20.00, 1, 'Cash'), 
(716, 280, 'H8', 25.00, 1, 'Pix'), 
(717, 272, 'I18', 25.00, 1, 'Pix'), 
(718, 240, 'I6', 25.00, 1, 'Pix'), 
(719, 258, 'E19', 15.00, 1, 'Pix'), 
(720, 352, 'C7', 25.00, 1, 'Pix'), 
(721, 430, 'B14', 15.00, 1, 'Creditcard'), 
(722, 327, 'B2', 20.00, 1, 'Creditcard'), 
(723, 407, 'F3', 20.00, 1, 'Pix'), 
(724, 328, 'H10', 25.00, 1, 'Pix'), 
(725, 246, 'E7', 15.00, 1, 'Cash'), 
(726, 298, 'E13', 15.00, 1, 'Pix'), 
(727, 356, 'H11', 25.00, 1, 'Pix'), 
(728, 327, 'A6', 20.00, 1, 'Cash'), 
(729, 317, 'J8', 10.00, 1, 'Creditcard'), 
(730, 243, 'F10', 20.00, 1, 'Cash'), 
(731, 315, 'F13', 20.00, 1, 'Pix'), 
(732, 243, 'F5', 20.00, 1, 'Cash'), 
(733, 348, 'F10', 25.00, 1, 'Cash'), 
(734, 377, 'B7', 10.00, 1, 'Creditcard'), 
(735, 408, 'E7', 25.00, 1, 'Creditcard'), 
(736, 259, 'F15', 20.00, 1, 'Creditcard'), 
(737, 373, 'D15', 10.00, 1, 'Cash'), 
(738, 241, 'A14', 10.00, 1, 'Pix'), 
(739, 438, 'E20', 15.00, 1, 'Creditcard'), 
(740, 315, 'J2', 20.00, 1, 'Cash'), 
(741, 390, 'J19', 15.00, 1, 'Pix'), 
(742, 373, 'C16', 10.00, 1, 'Pix'), 
(743, 381, 'J7', 10.00, 1, 'Pix'), 
(744, 345, 'C5', 10.00, 1, 'Creditcard'), 
(745, 320, 'H14', 25.00, 1, 'Pix'), 
(746, 335, 'B8', 20.00, 1, 'Cash'), 
(747, 360, 'E7', 25.00, 1, 'Creditcard'), 
(748, 233, 'J19', 10.00, 1, 'Cash'), 
(749, 248, 'E14', 25.00, 1, 'Creditcard'), 
(750, 433, 'J10', 10.00, 1, 'Creditcard'), 
(751, 357, 'G12', 10.00, 1, 'Creditcard'), 
(752, 299, 'A14', 20.00, 1, 'Creditcard'), 
(753, 436, 'H14', 25.00, 1, 'Cash'), 
(754, 346, 'I18', 15.00, 1, 'Cash'), 
(755, 240, 'C1', 25.00, 1, 'Cash'), 
(756, 382, 'G12', 15.00, 1, 'Creditcard'), 
(757, 375, 'C6', 20.00, 1, 'Creditcard'), 
(758, 427, 'G8', 20.00, 1, 'Pix'), 
(759, 315, 'B8', 20.00, 1, 'Cash'), 
(760, 349, 'E15', 10.00, 1, 'Creditcard'), 
(761, 437, 'C1', 10.00, 1, 'Creditcard'), 
(762, 324, 'H12', 25.00, 1, 'Creditcard'), 
(763, 352, 'B2', 25.00, 1, 'Cash'), 
(764, 388, 'D2', 25.00, 1, 'Pix'), 
(765, 349, 'J18', 10.00, 1, 'Pix'), 
(766, 262, 'B4', 15.00, 1, 'Creditcard'), 
(767, 406, 'I14', 15.00, 1, 'Creditcard'), 
(768, 236, 'F2', 25.00, 1, 'Cash'), 
(769, 390, 'D8', 15.00, 1, 'Creditcard'), 
(770, 443, 'H4', 20.00, 1, 'Creditcard'), 
(771, 410, 'A1', 15.00, 1, 'Pix'), 
(772, 298, 'D20', 15.00, 1, 'Creditcard'), 
(773, 265, 'D6', 10.00, 1, 'Pix'), 
(774, 240, 'E8', 25.00, 1, 'Pix'), 
(775, 446, 'G2', 15.00, 1, 'Pix'), 
(776, 388, 'F19', 25.00, 1, 'Pix'), 
(777, 271, 'H18', 20.00, 1, 'Pix'), 
(778, 373, 'I17', 10.00, 1, 'Creditcard'), 
(779, 295, 'F11', 20.00, 1, 'Creditcard'), 
(780, 293, 'C10', 10.00, 1, 'Creditcard'), 
(781, 246, 'I18', 15.00, 1, 'Cash'), 
(782, 349, 'C13', 10.00, 1, 'Cash'), 
(783, 302, 'D11', 15.00, 1, 'Cash'), 
(784, 237, 'F14', 10.00, 1, 'Pix'), 
(785, 293, 'E11', 10.00, 1, 'Cash'), 
(786, 327, 'A4', 20.00, 1, 'Creditcard'), 
(787, 303, 'I3', 20.00, 1, 'Pix'), 
(788, 430, 'H4', 15.00, 1, 'Cash'), 
(789, 372, 'F19', 25.00, 1, 'Cash'), 
(790, 349, 'A4', 10.00, 1, 'Pix'), 
(791, 409, 'G16', 10.00, 1, 'Cash'), 
(792, 329, 'H6', 10.00, 1, 'Pix'), 
(793, 382, 'D20', 15.00, 1, 'Cash'), 
(794, 261, 'E19', 10.00, 1, 'Creditcard'), 
(795, 436, 'B8', 25.00, 1, 'Pix'), 
(796, 360, 'E3', 25.00, 1, 'Cash'), 
(797, 409, 'I1', 10.00, 1, 'Creditcard'), 
(798, 347, 'E20', 20.00, 1, 'Cash'), 
(799, 273, 'E19', 10.00, 1, 'Cash'), 
(800, 234, 'G1', 15.00, 1, 'Pix'), 
(801, 293, 'H1', 10.00, 1, 'Creditcard'), 
(802, 436, 'C3', 25.00, 1, 'Creditcard'), 
(803, 325, 'C13', 10.00, 1, 'Creditcard'), 
(804, 448, 'F16', 25.00, 1, 'Cash'), 
(805, 273, 'B14', 10.00, 1, 'Creditcard'), 
(806, 378, 'I15', 15.00, 1, 'Creditcard'), 
(807, 322, 'D4', 15.00, 1, 'Cash'), 
(808, 429, 'G1', 10.00, 1, 'Cash'), 
(809, 260, 'I2', 25.00, 1, 'Cash'), 
(810, 360, 'G11', 25.00, 1, 'Creditcard'), 
(811, 321, 'H17', 10.00, 1, 'Cash'), 
(812, 355, 'F10', 20.00, 1, 'Creditcard'), 
(813, 331, 'H16', 20.00, 1, 'Creditcard'), 
(814, 375, 'E18', 20.00, 1, 'Pix'), 
(815, 375, 'C13', 20.00, 1, 'Cash'), 
(816, 301, 'I3', 10.00, 1, 'Creditcard'), 
(817, 415, 'G15', 20.00, 1, 'Creditcard'), 
(818, 240, 'B10', 25.00, 1, 'Creditcard'), 
(819, 266, 'E3', 15.00, 1, 'Pix'), 
(820, 268, 'F9', 25.00, 1, 'Creditcard'), 
(821, 323, 'F15', 20.00, 1, 'Creditcard'), 
(822, 247, 'J1', 20.00, 1, 'Cash'), 
(823, 297, 'I4', 10.00, 1, 'Cash'), 
(824, 384, 'D17', 25.00, 1, 'Cash'), 
(825, 370, 'H16', 15.00, 1, 'Pix'), 
(826, 430, 'C18', 15.00, 1, 'Cash'), 
(827, 407, 'G4', 20.00, 1, 'Creditcard'), 
(828, 354, 'E7', 15.00, 1, 'Creditcard'), 
(829, 274, 'G17', 15.00, 1, 'Pix'), 
(830, 289, 'E5', 10.00, 1, 'Creditcard'), 
(831, 446, 'G12', 15.00, 1, 'Creditcard'), 
(832, 335, 'H16', 20.00, 1, 'Pix'), 
(833, 388, 'A5', 25.00, 1, 'Creditcard'), 
(834, 274, 'C6', 15.00, 1, 'Cash'), 
(835, 377, 'A6', 10.00, 1, 'Pix'), 
(836, 411, 'A8', 20.00, 1, 'Creditcard'), 
(837, 263, 'A17', 20.00, 1, 'Cash'), 
(838, 412, 'H14', 25.00, 1, 'Creditcard'), 
(839, 408, 'D11', 25.00, 1, 'Pix'), 
(840, 377, 'A15', 10.00, 1, 'Creditcard'), 
(841, 331, 'F13', 20.00, 1, 'Pix'), 
(842, 315, 'D6', 20.00, 1, 'Pix'), 
(843, 352, 'E12', 25.00, 1, 'Cash'), 
(844, 314, 'E18', 15.00, 1, 'Pix'), 
(845, 313, 'C4', 10.00, 1, 'Creditcard'), 
(846, 248, 'J8', 25.00, 1, 'Pix'), 
(847, 389, 'C2', 10.00, 1, 'Cash'), 
(848, 426, 'B5', 15.00, 1, 'Creditcard'), 
(849, 323, 'A7', 20.00, 1, 'Creditcard'), 
(850, 386, 'E16', 15.00, 1, 'Pix'), 
(851, 389, 'F12', 10.00, 1, 'Cash'), 
(852, 345, 'B3', 10.00, 1, 'Creditcard'), 
(853, 275, 'J6', 20.00, 1, 'Pix'), 
(854, 446, 'B10', 15.00, 1, 'Cash'), 
(855, 428, 'G9', 25.00, 1, 'Creditcard'), 
(856, 426, 'I5', 15.00, 1, 'Pix'), 
(857, 413, 'B18', 10.00, 1, 'Pix'), 
(858, 266, 'J15', 15.00, 1, 'Cash'), 
(859, 416, 'G4', 25.00, 1, 'Creditcard'), 
(860, 272, 'A19', 25.00, 1, 'Creditcard'), 
(861, 272, 'A6', 25.00, 1, 'Pix'), 
(862, 321, 'C1', 10.00, 1, 'Creditcard'), 
(863, 319, 'H10', 20.00, 1, 'Cash'), 
(864, 386, 'C4', 15.00, 1, 'Pix'), 
(865, 372, 'B19', 25.00, 1, 'Creditcard'), 
(866, 438, 'C17', 15.00, 1, 'Cash'), 
(867, 388, 'C12', 25.00, 1, 'Creditcard'), 
(868, 440, 'C12', 25.00, 1, 'Pix'), 
(869, 425, 'F14', 10.00, 1, 'Pix'), 
(870, 406, 'C9', 15.00, 1, 'Cash'), 
(871, 358, 'I13', 15.00, 1, 'Creditcard'), 
(872, 291, 'G6', 20.00, 1, 'Cash'), 
(873, 276, 'D15', 25.00, 1, 'Creditcard'), 
(874, 389, 'H6', 10.00, 1, 'Pix'), 
(875, 382, 'G14', 15.00, 1, 'Cash'), 
(876, 437, 'E19', 10.00, 1, 'Cash'), 
(877, 268, 'B5', 25.00, 1, 'Creditcard'), 
(878, 300, 'H5', 25.00, 1, 'Pix'), 
(879, 347, 'G14', 20.00, 1, 'Cash'), 
(880, 273, 'J11', 10.00, 1, 'Cash'), 
(881, 377, 'A10', 10.00, 1, 'Cash'), 
(882, 377, 'C7', 10.00, 1, 'Pix'), 
(883, 387, 'G13', 20.00, 1, 'Pix'), 
(884, 326, 'J14', 15.00, 1, 'Creditcard'), 
(885, 246, 'G4', 15.00, 1, 'Creditcard'), 
(886, 236, 'F11', 25.00, 1, 'Cash'), 
(887, 356, 'F12', 25.00, 1, 'Cash'), 
(888, 351, 'D19', 20.00, 1, 'Pix'), 
(889, 234, 'H19', 15.00, 1, 'Pix'), 
(890, 335, 'E13', 20.00, 1, 'Pix'), 
(891, 276, 'E12', 25.00, 1, 'Cash'), 
(892, 413, 'D2', 10.00, 1, 'Pix'), 
(893, 407, 'G19', 20.00, 1, 'Cash'), 
(894, 402, 'F17', 15.00, 1, 'Cash'), 
(895, 427, 'G17', 20.00, 1, 'Cash'), 
(896, 272, 'D13', 25.00, 1, 'Pix'), 
(897, 428, 'C1', 25.00, 1, 'Creditcard'), 
(898, 432, 'D1', 25.00, 1, 'Cash'), 
(899, 429, 'H17', 10.00, 1, 'Cash'), 
(900, 377, 'H3', 10.00, 1, 'Pix'), 
(901, 261, 'B4', 10.00, 1, 'Creditcard'), 
(902, 430, 'D11', 15.00, 1, 'Creditcard'), 
(903, 371, 'H15', 20.00, 1, 'Cash'), 
(904, 435, 'G12', 20.00, 1, 'Cash'), 
(905, 280, 'C9', 25.00, 1, 'Pix'),
(906, 327, 'E5', 20.00, 1, 'Pix'), 
(907, 404, 'G20', 25.00, 1, 'Cash'), 
(908, 278, 'B13', 15.00, 1, 'Pix'), 
(909, 329, 'J5', 10.00, 1, 'Cash'), 
(910, 447, 'I2', 20.00, 1, 'Cash'), 
(911, 276, 'H4', 25.00, 1, 'Pix'), 
(912, 259, 'E16', 20.00, 1, 'Cash'), 
(913, 359, 'E19', 20.00, 1, 'Cash'), 
(914, 379, 'H14', 20.00, 1, 'Pix'), 
(915, 242, 'J1', 15.00, 1, 'Creditcard'), 
(916, 402, 'A1', 15.00, 1, 'Cash'), 
(917, 408, 'F19', 25.00, 1, 'Cash'), 
(918, 435, 'I3', 20.00, 1, 'Cash'), 
(919, 272, 'H13', 25.00, 1, 'Pix'), 
(920, 383, 'A5', 20.00, 1, 'Creditcard'), 
(921, 376, 'H4', 25.00, 1, 'Cash'), 
(922, 298, 'F15', 15.00, 1, 'Cash'), 
(923, 273, 'F3', 10.00, 1, 'Pix'), 
(924, 274, 'G15', 15.00, 1, 'Cash'), 
(925, 278, 'D4', 15.00, 1, 'Pix'), 
(926, 354, 'C18', 15.00, 1, 'Cash'), 
(927, 292, 'E4', 25.00, 1, 'Pix'), 
(928, 267, 'F3', 20.00, 1, 'Pix'), 
(929, 378, 'G1', 15.00, 1, 'Pix'), 
(930, 369, 'E15', 10.00, 1, 'Pix'), 
(931, 239, 'E7', 20.00, 1, 'Cash'), 
(932, 292, 'I8', 25.00, 1, 'Cash'), 
(933, 314, 'J15', 15.00, 1, 'Cash'), 
(934, 302, 'A9', 15.00, 1, 'Pix'), 
(935, 379, 'I16', 20.00, 1, 'Pix'), 
(936, 261, 'B6', 10.00, 1, 'Cash'), 
(937, 237, 'J12', 10.00, 1, 'Cash'), 
(938, 425, 'E5', 10.00, 1, 'Creditcard'), 
(939, 299, 'F13', 20.00, 1, 'Pix'), 
(940, 237, 'B9', 10.00, 1, 'Cash'), 
(941, 271, 'J10', 20.00, 1, 'Cash'), 
(942, 248, 'A1', 25.00, 1, 'Creditcard'), 
(943, 235, 'F8', 20.00, 1, 'Creditcard'), 
(944, 382, 'G19', 15.00, 1, 'Creditcard'), 
(945, 335, 'F7', 20.00, 1, 'Cash'), 
(946, 414, 'B7', 15.00, 1, 'Creditcard'), 
(947, 432, 'J2', 25.00, 1, 'Cash'), 
(948, 345, 'F17', 10.00, 1, 'Cash'), 
(949, 302, 'A6', 15.00, 1, 'Cash'), 
(950, 280, 'A20', 25.00, 1, 'Creditcard'), 
(951, 386, 'B4', 15.00, 1, 'Creditcard'), 
(952, 331, 'G15', 20.00, 1, 'Pix'), 
(953, 298, 'B10', 15.00, 1, 'Pix'), 
(954, 447, 'B19', 20.00, 1, 'Pix'), 
(955, 315, 'J14', 20.00, 1, 'Cash'), 
(956, 296, 'F17', 25.00, 1, 'Cash'), 
(957, 438, 'F16', 15.00, 1, 'Creditcard'), 
(958, 352, 'H5', 25.00, 1, 'Cash'), 
(959, 426, 'E1', 15.00, 1, 'Cash'), 
(960, 443, 'F15', 20.00, 1, 'Pix'), 
(961, 448, 'E3', 25.00, 1, 'Pix'), 
(962, 319, 'A6', 20.00, 1, 'Pix'), 
(963, 439, 'D9', 20.00, 1, 'Cash'), 
(964, 268, 'J20', 25.00, 1, 'Creditcard'), 
(965, 429, 'B7', 10.00, 1, 'Pix'), 
(966, 317, 'H15', 10.00, 1, 'Cash'), 
(967, 369, 'A17', 10.00, 1, 'Creditcard'), 
(968, 331, 'D3', 20.00, 1, 'Cash'), 
(969, 268, 'D14', 25.00, 1, 'Pix'), 
(970, 402, 'G14', 15.00, 1, 'Pix'), 
(971, 385, 'F4', 10.00, 1, 'Creditcard'), 
(972, 375, 'D11', 20.00, 1, 'Pix'), 
(973, 408, 'J14', 25.00, 1, 'Cash'), 
(974, 241, 'J15', 10.00, 1, 'Creditcard'), 
(975, 324, 'G8', 25.00, 1, 'Pix'), 
(976, 330, 'D1', 15.00, 1, 'Pix'), 
(977, 359, 'G3', 20.00, 1, 'Creditcard'), 
(978, 441, 'H16', 10.00, 1, 'Pix'), 
(979, 261, 'F18', 10.00, 1, 'Pix'), 
(980, 415, 'H9', 20.00, 1, 'Cash'), 
(981, 273, 'A16', 10.00, 1, 'Cash'), 
(982, 407, 'A10', 20.00, 1, 'Pix'), 
(983, 358, 'F2', 15.00, 1, 'Creditcard'), 
(984, 279, 'I7', 20.00, 1, 'Pix'), 
(985, 353, 'H16', 10.00, 1, 'Pix'), 
(986, 372, 'D19', 25.00, 1, 'Creditcard'), 
(987, 328, 'I4', 25.00, 1, 'Creditcard'), 
(988, 438, 'D12', 15.00, 1, 'Creditcard'), 
(989, 246, 'G17', 15.00, 1, 'Creditcard'), 
(990, 438, 'A9', 15.00, 1, 'Cash'), 
(991, 404, 'J20', 25.00, 1, 'Cash'), 
(992, 402, 'J19', 15.00, 1, 'Pix'), 
(993, 297, 'G3', 10.00, 1, 'Cash'), 
(994, 358, 'D11', 15.00, 1, 'Creditcard'), 
(995, 378, 'D5', 15.00, 1, 'Creditcard'), 
(996, 441, 'I6', 10.00, 1, 'Cash'), 
(997, 334, 'C14', 15.00, 1, 'Cash'), 
(998, 359, 'H11', 20.00, 1, 'Creditcard'), 
(999, 233, 'C17', 10.00, 1, 'Pix'), 
(1000, 259, 'I7', 20.00, 1, 'Pix'), 
(1001, 389, 'D17', 10.00, 1, 'Cash'), 
(1002, 407, 'F6', 20.00, 1, 'Creditcard'), 
(1003, 329, 'I18', 10.00, 1, 'Cash'), 
(1004, 260, 'I6', 25.00, 1, 'Cash'), 
(1005, 247, 'B3', 20.00, 1, 'Creditcard'), 
(1006, 274, 'I16', 15.00, 1, 'Cash'), 
(1007, 372, 'D2', 25.00, 1, 'Pix'), 
(1008, 402, 'J7', 15.00, 1, 'Creditcard'), 
(1009, 319, 'C2', 20.00, 1, 'Pix'), 
(1010, 291, 'A20', 20.00, 1, 'Cash'), 
(1011, 264, 'H16', 25.00, 1, 'Creditcard'), 
(1012, 444, 'B3', 25.00, 1, 'Cash'), 
(1013, 235, 'F9', 20.00, 1, 'Creditcard'), 
(1014, 329, 'F18', 10.00, 1, 'Creditcard'), 
(1015, 273, 'H12', 10.00, 1, 'Creditcard'), 
(1016, 297, 'J13', 10.00, 1, 'Pix'), 
(1017, 411, 'G12', 20.00, 1, 'Creditcard'), 
(1018, 415, 'G8', 20.00, 1, 'Pix'), 
(1019, 261, 'F19', 10.00, 1, 'Cash'), 
(1020, 442, 'C11', 15.00, 1, 'Cash'), 
(1021, 325, 'I3', 10.00, 1, 'Pix'), 
(1022, 350, 'B12', 15.00, 1, 'Pix'), 
(1023, 437, 'H3', 10.00, 1, 'Cash'), 
(1024, 238, 'E16', 15.00, 1, 'Cash'), 
(1025, 358, 'J11', 15.00, 1, 'Pix'), 
(1026, 272, 'D9', 25.00, 1, 'Creditcard'), 
(1027, 240, 'A20', 25.00, 1, 'Creditcard'), 
(1028, 408, 'I7', 25.00, 1, 'Creditcard'), 
(1029, 351, 'J12', 20.00, 1, 'Creditcard'), 
(1030, 315, 'J7', 20.00, 1, 'Pix'), 
(1031, 278, 'J10', 15.00, 1, 'Cash');



SELECT * FROM ticket;

/*Creating table of promotions*/
CREATE TABLE `promotions` (
  `PromoID` int AUTO_INCREMENT NOT NULL,
  `Promo` varchar NOT NULL,
  `Discount` varchar NOT NULL,
  PRIMARY KEY (`PromoID`)
);

/*Inserting the data into table promotions*/
INSERT INTO `promotions` (`PromoID`, `Promo`, `Discount`) VALUES
(1, 'WithoutDiscount', '0%'),
(2, 'StudentMonday', '30%'),
(3, 'HalfThursday', '50%');

SELECT * FROM promotions;
